symbol,timestamp,open,high,low,close,volume,trade_count,vwap
CRUS,2023-07-17 13:00:00+00:00,79.2,79.55,78.73,79.265,13123.0,338.0,79.17122
CRUS,2023-07-17 14:00:00+00:00,79.3151,79.695,78.9,79.445,43922.0,1277.0,79.243364
CRUS,2023-07-17 15:00:00+00:00,79.44,80.59,79.44,80.52,41891.0,1241.0,79.998008
CRUS,2023-07-17 16:00:00+00:00,80.515,80.545,79.99,80.16,48213.0,1367.0,80.23092
CRUS,2023-07-17 17:00:00+00:00,80.16,80.245,79.99,80.215,24116.0,938.0,80.12015
CRUS,2023-07-17 18:00:00+00:00,80.215,80.345,80.1,80.11,30715.0,1189.0,80.188346
CRUS,2023-07-17 19:00:00+00:00,80.13,80.63,79.925,79.98,135131.0,3869.0,80.15831
CRUS,2023-07-17 20:00:00+00:00,79.97,79.97,79.97,79.97,35573.0,28.0,79.97
CRUS,2023-07-18 13:00:00+00:00,79.63,79.63,79.16,79.385,12499.0,286.0,79.387219
CRUS,2023-07-18 14:00:00+00:00,79.39,79.91,79.05,79.19,48964.0,1324.0,79.44215
CRUS,2023-07-18 15:00:00+00:00,79.175,79.62,78.655,78.93,29787.0,928.0,79.046533
CRUS,2023-07-18 16:00:00+00:00,78.97,79.095,78.66,78.84,27490.0,914.0,78.863518
CRUS,2023-07-18 17:00:00+00:00,78.9,79.11,78.76,78.95,29956.0,1033.0,78.956341
CRUS,2023-07-18 18:00:00+00:00,78.92,79.52,78.92,79.435,24704.0,1044.0,79.341585
CRUS,2023-07-18 19:00:00+00:00,79.43,79.92,79.36,79.545,118816.0,2924.0,79.594635
CRUS,2023-07-18 20:00:00+00:00,79.51,79.51,79.51,79.51,65732.0,30.0,79.510076
CRUS,2023-07-19 08:00:00+00:00,79.5,79.5,79.5,79.5,100.0,1.0,79.5
CRUS,2023-07-19 13:00:00+00:00,79.88,79.88,78.87,79.09,12276.0,328.0,79.337327
CRUS,2023-07-19 14:00:00+00:00,79.09,79.295,78.55,79.06,54870.0,1240.0,78.894628
CRUS,2023-07-19 15:00:00+00:00,79.14,79.3,78.89,78.91,33211.0,987.0,79.098823
CRUS,2023-07-19 16:00:00+00:00,78.97,79.17,78.64,78.89,34992.0,1147.0,78.887698
CRUS,2023-07-19 17:00:00+00:00,78.84,79.31,78.52,79.31,114870.0,1611.0,78.777028
CRUS,2023-07-19 18:00:00+00:00,79.21,79.27,78.87,78.96,47958.0,1330.0,79.063861
CRUS,2023-07-19 19:00:00+00:00,79.03,79.51,78.98,79.34,197426.0,3905.0,79.333602
CRUS,2023-07-19 20:00:00+00:00,79.34,79.34,79.34,79.34,56516.0,23.0,79.34
CRUS,2023-07-20 13:00:00+00:00,78.56,79.14,77.565,78.225,31971.0,637.0,78.194458
CRUS,2023-07-20 14:00:00+00:00,78.24,78.34,77.56,78.01,49707.0,1501.0,78.032397
CRUS,2023-07-20 15:00:00+00:00,78.05,78.16,77.65,77.79,45625.0,1415.0,77.827933
CRUS,2023-07-20 16:00:00+00:00,77.785,78.0,77.47,77.478,34087.0,1065.0,77.691253
CRUS,2023-07-20 17:00:00+00:00,77.47,77.89,77.47,77.61,26431.0,810.0,77.688654
CRUS,2023-07-20 18:00:00+00:00,77.58,77.68,77.16,77.22,33180.0,1098.0,77.463375
CRUS,2023-07-20 19:00:00+00:00,77.115,77.5,76.74,77.11,146151.0,3372.0,77.205004
CRUS,2023-07-20 20:00:00+00:00,77.14,77.14,77.0,77.0,35870.0,31.0,77.139219
CRUS,2023-07-21 13:00:00+00:00,78.04,78.27,77.32,77.41,14437.0,414.0,77.646677
CRUS,2023-07-21 14:00:00+00:00,77.34,77.91,77.045,77.37,128510.0,2065.0,77.457415
CRUS,2023-07-21 15:00:00+00:00,77.34,77.64,77.0493,77.14,71680.0,2077.0,77.294985
CRUS,2023-07-21 16:00:00+00:00,77.205,77.39,76.805,76.89,93111.0,2032.0,77.076164
CRUS,2023-07-21 17:00:00+00:00,76.89,77.78,76.73,77.59,153515.0,2656.0,77.057339
CRUS,2023-07-21 18:00:00+00:00,77.55,77.635,77.14,77.5725,45786.0,1479.0,77.358891
CRUS,2023-07-21 19:00:00+00:00,77.53,78.04,77.43,77.82,130848.0,4200.0,77.805308
CRUS,2023-07-21 20:00:00+00:00,77.87,77.87,77.87,77.87,114200.0,16.0,77.87
CRUS,2023-07-24 13:00:00+00:00,77.68,78.36,77.61,77.61,26529.0,533.0,77.997346
CRUS,2023-07-24 14:00:00+00:00,77.82,78.46,77.79,78.235,41590.0,1425.0,78.164688
CRUS,2023-07-24 15:00:00+00:00,78.16,78.745,78.05,78.53,111743.0,1957.0,78.346027
CRUS,2023-07-24 16:00:00+00:00,78.6,78.65,78.295,78.37,27326.0,941.0,78.442538
CRUS,2023-07-24 17:00:00+00:00,78.31,78.335,77.79,77.79,48640.0,1070.0,78.06728
CRUS,2023-07-24 18:00:00+00:00,77.85,78.0,77.7,77.766,41708.0,1275.0,77.831876
CRUS,2023-07-24 19:00:00+00:00,77.72,77.757,77.175,77.46,94528.0,3055.0,77.363672
CRUS,2023-07-24 20:00:00+00:00,77.4,77.4,77.4,77.4,36100.0,17.0,77.4
CRUS,2023-07-25 13:00:00+00:00,78.41,78.41,77.59,78.07,8817.0,251.0,77.845982
CRUS,2023-07-25 14:00:00+00:00,78.1,78.615,78.02,78.51,25632.0,964.0,78.38666
CRUS,2023-07-25 15:00:00+00:00,78.5,78.5,78.22,78.37,21192.0,788.0,78.359998
CRUS,2023-07-25 16:00:00+00:00,78.3,78.375,78.14,78.375,20326.0,616.0,78.234717
CRUS,2023-07-25 17:00:00+00:00,78.5,78.76,78.31,78.445,26946.0,820.0,78.545311
CRUS,2023-07-25 18:00:00+00:00,78.441,78.75,78.43,78.63,36854.0,1141.0,78.65366
CRUS,2023-07-25 19:00:00+00:00,78.66,78.875,78.49,78.54,99365.0,2845.0,78.630486
CRUS,2023-07-25 20:00:00+00:00,78.57,78.57,78.57,78.57,43079.0,14.0,78.57
CRUS,2023-07-26 13:00:00+00:00,77.58,78.92,77.58,78.635,18773.0,461.0,78.305011
CRUS,2023-07-26 14:00:00+00:00,78.58,78.58,77.84,77.87,24861.0,1231.0,78.23584
CRUS,2023-07-26 15:00:00+00:00,77.76,78.13,77.61,78.1,29536.0,1418.0,77.805862
CRUS,2023-07-26 16:00:00+00:00,78.085,78.41,78.05,78.125,39316.0,1631.0,78.239878
CRUS,2023-07-26 17:00:00+00:00,78.15,78.595,78.15,78.41,28992.0,1344.0,78.410804
CRUS,2023-07-26 18:00:00+00:00,78.37,78.99,78.12,78.615,94052.0,2147.0,78.440096
CRUS,2023-07-26 19:00:00+00:00,78.72,78.8,78.11,78.22,135300.0,4039.0,78.426001
CRUS,2023-07-26 20:00:00+00:00,78.18,78.18,78.18,78.18,43450.0,22.0,78.18
CRUS,2023-07-27 13:00:00+00:00,79.57,80.8,79.45,80.68,68290.0,714.0,80.291938
CRUS,2023-07-27 14:00:00+00:00,80.4,81.15,80.07,80.665,62385.0,1800.0,80.627495
CRUS,2023-07-27 15:00:00+00:00,80.71,80.855,80.25,80.26,41133.0,1346.0,80.538492
CRUS,2023-07-27 16:00:00+00:00,80.34,80.73,80.335,80.38,28632.0,985.0,80.546326
CRUS,2023-07-27 17:00:00+00:00,80.42,80.56,80.075,80.16,33450.0,1184.0,80.263292
CRUS,2023-07-27 18:00:00+00:00,80.13,80.235,79.175,79.2,32770.0,1343.0,79.575156
CRUS,2023-07-27 19:00:00+00:00,79.23,79.5475,79.03,79.48,102643.0,3700.0,79.282666
CRUS,2023-07-27 20:00:00+00:00,79.45,79.45,79.45,79.45,80589.0,23.0,79.45
CRUS,2023-07-27 23:00:00+00:00,79.45,80.0,79.45,80.0,600.0,3.0,79.816667
CRUS,2023-07-28 13:00:00+00:00,80.6,80.6,79.81,80.112,14006.0,314.0,80.190032
CRUS,2023-07-28 14:00:00+00:00,80.16,80.86,80.16,80.62,29832.0,1186.0,80.578202
CRUS,2023-07-28 15:00:00+00:00,80.59,81.4,80.57,81.31,44630.0,1626.0,81.154138
CRUS,2023-07-28 16:00:00+00:00,81.19,81.49,81.105,81.29,28076.0,1032.0,81.300543
CRUS,2023-07-28 17:00:00+00:00,81.25,81.25,80.78,81.07,32568.0,1134.0,81.013882
CRUS,2023-07-28 18:00:00+00:00,81.06,81.47,81.055,81.45,38922.0,1389.0,81.213513
CRUS,2023-07-28 19:00:00+00:00,81.47,81.805,81.365,81.53,127745.0,3788.0,81.615671
CRUS,2023-07-28 20:00:00+00:00,81.54,81.54,81.54,81.54,82196.0,22.0,81.54
CRUS,2023-07-31 11:00:00+00:00,82.0,82.0,81.55,81.55,550.0,5.0,81.762727
CRUS,2023-07-31 13:00:00+00:00,81.43,82.66,81.3,82.12,25232.0,542.0,82.208053
CRUS,2023-07-31 14:00:00+00:00,82.21,82.46,81.71,81.71,20334.0,901.0,82.12456
CRUS,2023-07-31 15:00:00+00:00,81.715,82.0,81.6,81.74,18877.0,729.0,81.780048
CRUS,2023-07-31 16:00:00+00:00,81.73,81.7625,81.4,81.5,19551.0,740.0,81.529691
CRUS,2023-07-31 17:00:00+00:00,81.44,81.59,81.12,81.235,26720.0,807.0,81.346221
CRUS,2023-07-31 18:00:00+00:00,81.23,81.24,80.91,81.1107,27396.0,947.0,81.086832
CRUS,2023-07-31 19:00:00+00:00,81.1,81.1,80.585,80.84,81718.0,2930.0,80.750149
CRUS,2023-07-31 20:00:00+00:00,80.8,80.8,80.8,80.8,137320.0,27.0,80.799995
CRUS,2023-08-01 13:00:00+00:00,80.2,81.09,79.98,81.09,11833.0,419.0,80.490373
CRUS,2023-08-01 14:00:00+00:00,81.1,81.84,81.085,81.58,47949.0,1783.0,81.448202
CRUS,2023-08-01 15:00:00+00:00,81.59,81.79,81.33,81.71,39366.0,1454.0,81.53447
CRUS,2023-08-01 16:00:00+00:00,81.76,81.8,81.51,81.71,28376.0,1048.0,81.6478
CRUS,2023-08-01 17:00:00+00:00,81.72,81.79,81.4,81.69,46426.0,1405.0,81.586838
CRUS,2023-08-01 18:00:00+00:00,81.73,81.9,81.67,81.7,44008.0,1648.0,81.787736
CRUS,2023-08-01 19:00:00+00:00,81.705,81.85,81.22,81.24,153429.0,4335.0,81.538527
CRUS,2023-08-01 20:00:00+00:00,81.25,81.25,81.25,81.25,58647.0,14.0,81.25
CRUS,2023-08-02 13:00:00+00:00,80.35,80.56,79.97,80.375,9886.0,286.0,80.367085
CRUS,2023-08-02 14:00:00+00:00,80.46,80.46,79.65,79.705,23582.0,999.0,79.992464
CRUS,2023-08-02 15:00:00+00:00,79.73,79.74,79.285,79.37,31986.0,1115.0,79.522936
CRUS,2023-08-02 16:00:00+00:00,79.28,79.9,78.9839,79.7,35616.0,1229.0,79.378526
CRUS,2023-08-02 17:00:00+00:00,79.79,80.02,79.73,79.77,29178.0,1160.0,79.863311
CRUS,2023-08-02 18:00:00+00:00,79.85,80.25,79.775,80.22,35564.0,1598.0,80.005229
CRUS,2023-08-02 19:00:00+00:00,80.27,80.46,79.94,80.27,208178.0,5556.0,80.252207
CRUS,2023-08-02 20:00:00+00:00,80.26,80.26,80.26,80.26,119444.0,44.0,80.26
CRUS,2023-08-03 12:00:00+00:00,80.24,80.24,80.24,80.24,149.0,3.0,80.227114
CRUS,2023-08-03 13:00:00+00:00,79.26,81.01,79.26,79.505,40011.0,800.0,79.865175
CRUS,2023-08-03 14:00:00+00:00,79.29,79.5,78.54,79.265,61504.0,1887.0,78.907599
CRUS,2023-08-03 15:00:00+00:00,79.21,79.42,78.825,79.385,78359.0,2388.0,79.117826
CRUS,2023-08-03 16:00:00+00:00,79.3975,80.0865,79.23,80.03,61852.0,1851.0,79.681054
CRUS,2023-08-03 17:00:00+00:00,80.0,80.325,79.75,80.045,94012.0,2530.0,80.068382
CRUS,2023-08-03 18:00:00+00:00,80.05,80.44,79.99,80.365,102147.0,2894.0,80.187187
CRUS,2023-08-03 19:00:00+00:00,80.335,80.43,79.86,79.88,326177.0,7571.0,80.147687
CRUS,2023-08-03 20:00:00+00:00,79.97,84.0,79.86,79.86,95024.0,57.0,80.143434
CRUS,2023-08-03 22:00:00+00:00,83.99,83.99,83.99,83.99,232.0,4.0,83.976034
CRUS,2023-08-04 12:00:00+00:00,81.0,81.0,81.0,81.0,1014.0,1.0,81.0
CRUS,2023-08-04 13:00:00+00:00,81.9899,84.0,81.86,82.23,162545.0,2011.0,83.246116
CRUS,2023-08-04 14:00:00+00:00,82.135,82.355,81.0101,82.03,147413.0,3056.0,81.813137
CRUS,2023-08-04 15:00:00+00:00,82.05,82.8299,81.185,82.75,123551.0,2494.0,82.203875
CRUS,2023-08-04 16:00:00+00:00,82.72,84.51,82.675,84.33,130126.0,2969.0,83.67348
CRUS,2023-08-04 17:00:00+00:00,84.36,84.6498,83.86,84.38,84865.0,2337.0,84.336655
CRUS,2023-08-04 18:00:00+00:00,84.385,84.5,83.43,83.43,113911.0,2966.0,84.011831
CRUS,2023-08-04 19:00:00+00:00,83.44,83.585,82.45,82.58,328320.0,7045.0,82.899898
CRUS,2023-08-04 20:00:00+00:00,82.55,82.55,82.55,82.55,51172.0,21.0,82.55
CRUS,2023-08-07 13:00:00+00:00,82.13,82.89,82.13,82.695,32430.0,530.0,82.611269
CRUS,2023-08-07 14:00:00+00:00,82.71,84.59,82.59,84.5,82180.0,2321.0,83.788715
CRUS,2023-08-07 15:00:00+00:00,84.41,84.6634,83.675,84.6634,79601.0,2037.0,84.266957
CRUS,2023-08-07 16:00:00+00:00,84.63,84.675,84.2,84.52,55976.0,1486.0,84.455898
CRUS,2023-08-07 17:00:00+00:00,84.55,84.59,84.05,84.25,63507.0,1784.0,84.387812
CRUS,2023-08-07 18:00:00+00:00,84.21,84.8,84.17,84.58,72638.0,2419.0,84.520927
CRUS,2023-08-07 19:00:00+00:00,84.65,85.08,84.42,85.06,203132.0,5047.0,84.761605
CRUS,2023-08-07 20:00:00+00:00,85.04,85.04,85.04,85.04,72747.0,25.0,85.04
CRUS,2023-08-08 13:00:00+00:00,83.93,84.17,82.03,82.18,27732.0,684.0,83.092495
CRUS,2023-08-08 14:00:00+00:00,82.2096,83.035,81.9,83.035,60672.0,1943.0,82.375232
CRUS,2023-08-08 15:00:00+00:00,82.975,82.975,81.86,82.3,57673.0,1810.0,82.225675
CRUS,2023-08-08 16:00:00+00:00,82.23,82.57,81.83,81.83,56627.0,1788.0,82.283853
CRUS,2023-08-08 17:00:00+00:00,81.86,82.52,81.81,82.405,55431.0,1825.0,82.18207
CRUS,2023-08-08 18:00:00+00:00,82.405,82.9796,82.24,82.935,95096.0,2816.0,82.607304
CRUS,2023-08-08 19:00:00+00:00,82.91,83.0,82.63,82.96,224132.0,5726.0,82.873647
CRUS,2023-08-08 20:00:00+00:00,82.91,82.91,82.91,82.91,54199.0,23.0,82.910005
CRUS,2023-08-09 13:00:00+00:00,82.66,82.66,81.55,81.63,18532.0,486.0,81.988707
CRUS,2023-08-09 14:00:00+00:00,81.45,82.595,81.45,82.5,55960.0,1631.0,82.164092
CRUS,2023-08-09 15:00:00+00:00,82.35,82.545,81.685,82.44,50986.0,1422.0,82.202543
CRUS,2023-08-09 16:00:00+00:00,82.465,82.71,82.31,82.645,33540.0,969.0,82.561823
CRUS,2023-08-09 17:00:00+00:00,82.57,83.08,82.57,83.0,43324.0,1260.0,82.889655
CRUS,2023-08-09 18:00:00+00:00,83.0,83.24,82.96,83.17,35779.0,1128.0,83.116368
CRUS,2023-08-09 19:00:00+00:00,83.15,83.15,82.32,82.37,154795.0,4125.0,82.642999
CRUS,2023-08-09 20:00:00+00:00,82.34,82.34,82.34,82.34,48036.0,15.0,82.340115
CRUS,2023-08-10 13:00:00+00:00,83.12,83.58,82.66,83.48,20474.0,593.0,83.196966
CRUS,2023-08-10 14:00:00+00:00,83.39,83.48,82.6,82.65,39455.0,1237.0,83.045641
CRUS,2023-08-10 15:00:00+00:00,82.64,83.31,82.5,82.79,50090.0,1478.0,82.98077
CRUS,2023-08-10 16:00:00+00:00,82.79,83.27,82.6,83.02,57521.0,1372.0,82.892034
CRUS,2023-08-10 17:00:00+00:00,83.03,83.13,82.325,82.445,47351.0,1176.0,82.808796
CRUS,2023-08-10 18:00:00+00:00,82.37,83.045,82.37,83.045,43572.0,1481.0,82.788871
CRUS,2023-08-10 19:00:00+00:00,83.04,83.06,82.31,82.34,142522.0,3801.0,82.554746
CRUS,2023-08-10 20:00:00+00:00,82.34,82.34,82.34,82.34,44725.0,21.0,82.34
CRUS,2023-08-11 13:00:00+00:00,81.93,82.25,81.1201,81.83,13776.0,337.0,81.681549
CRUS,2023-08-11 14:00:00+00:00,81.96,82.0,81.11,81.22,37312.0,1464.0,81.624478
CRUS,2023-08-11 15:00:00+00:00,81.22,81.4,80.87,81.4,38252.0,1217.0,81.080114
CRUS,2023-08-11 16:00:00+00:00,81.44,81.51,80.73,80.85,29890.0,961.0,81.184882
CRUS,2023-08-11 17:00:00+00:00,80.89,80.95,80.36,80.61,38623.0,1202.0,80.635013
CRUS,2023-08-11 18:00:00+00:00,80.56,80.85,80.45,80.815,32696.0,1157.0,80.662152
CRUS,2023-08-11 19:00:00+00:00,80.73,80.81,80.19,80.36,120686.0,3482.0,80.461161
CRUS,2023-08-11 20:00:00+00:00,80.35,80.35,80.35,80.35,55120.0,23.0,80.35
CRUS,2023-08-14 13:00:00+00:00,79.85,80.44,79.5098,79.96,21534.0,419.0,79.991801
CRUS,2023-08-14 14:00:00+00:00,79.93,80.685,79.74,80.49,31321.0,1224.0,80.136088
CRUS,2023-08-14 15:00:00+00:00,80.51,80.805,80.23,80.23,42335.0,1351.0,80.496518
CRUS,2023-08-14 16:00:00+00:00,80.21,80.64,80.08,80.16,50192.0,1545.0,80.340295
CRUS,2023-08-14 17:00:00+00:00,80.12,80.65,80.02,80.63,45789.0,1888.0,80.265971
CRUS,2023-08-14 18:00:00+00:00,80.62,80.9,80.59,80.76,32258.0,1279.0,80.757589
CRUS,2023-08-14 19:00:00+00:00,80.74,80.79,80.39,80.47,159857.0,4344.0,80.583026
CRUS,2023-08-14 20:00:00+00:00,80.58,80.75,80.58,80.75,64872.0,32.0,80.580655
CRUS,2023-08-15 13:00:00+00:00,79.97,79.97,79.33,79.42,11596.0,327.0,79.646651
CRUS,2023-08-15 14:00:00+00:00,79.32,79.86,79.14,79.7,26039.0,876.0,79.465205
CRUS,2023-08-15 15:00:00+00:00,79.71,79.99,79.71,79.78,24702.0,913.0,79.808585
CRUS,2023-08-15 16:00:00+00:00,79.77,79.84,79.43,79.6,21839.0,911.0,79.637496
CRUS,2023-08-15 17:00:00+00:00,79.57,79.9,79.42,79.475,22523.0,929.0,79.644433
CRUS,2023-08-15 18:00:00+00:00,79.48,79.59,79.22,79.25,42755.0,1413.0,79.418989
CRUS,2023-08-15 19:00:00+00:00,79.24,79.39,78.92,79.1,120469.0,3187.0,79.11069
CRUS,2023-08-15 20:00:00+00:00,79.095,79.095,79.095,79.095,100271.0,17.0,79.095
CRUS,2023-08-16 13:00:00+00:00,78.85,79.23,78.72,79.12,16127.0,492.0,78.941335
CRUS,2023-08-16 14:00:00+00:00,79.08,79.19,78.6,78.785,34332.0,1170.0,78.869234
CRUS,2023-08-16 15:00:00+00:00,78.77,78.84,78.31,78.31,32754.0,1202.0,78.601201
CRUS,2023-08-16 16:00:00+00:00,78.26,78.48,78.26,78.34,21852.0,866.0,78.373594
CRUS,2023-08-16 17:00:00+00:00,78.37,78.649,78.215,78.485,20595.0,791.0,78.381121
CRUS,2023-08-16 18:00:00+00:00,78.48,78.755,78.27,78.63,36669.0,1213.0,78.542243
CRUS,2023-08-16 19:00:00+00:00,78.63,78.64,78.1,78.17,75443.0,2450.0,78.351007
CRUS,2023-08-16 20:00:00+00:00,78.17,78.17,78.17,78.17,32340.0,9.0,78.17
CRUS,2023-08-17 13:00:00+00:00,78.18,78.5746,76.83,76.83,75816.0,659.0,77.621308
CRUS,2023-08-17 14:00:00+00:00,77.01,78.025,76.87,77.87,100899.0,1438.0,77.355137
CRUS,2023-08-17 15:00:00+00:00,77.85,78.22,77.64,78.15,43709.0,1368.0,77.928304
CRUS,2023-08-17 16:00:00+00:00,78.155,78.72,78.1,78.685,40324.0,1090.0,78.42189
CRUS,2023-08-17 17:00:00+00:00,78.69,78.74,78.46,78.59,41975.0,1332.0,78.64403
CRUS,2023-08-17 18:00:00+00:00,78.57,78.59,78.09,78.3,66677.0,1780.0,78.290015
CRUS,2023-08-17 19:00:00+00:00,78.29,78.47,77.9,77.91,109338.0,2771.0,78.136371
CRUS,2023-08-17 20:00:00+00:00,77.91,77.91,77.91,77.91,27494.0,6.0,77.91
CRUS,2023-08-18 13:00:00+00:00,77.27,78.35,77.05,78.03,17003.0,351.0,77.876518
CRUS,2023-08-18 14:00:00+00:00,77.92,78.5,77.765,77.92,54904.0,1560.0,78.178643
CRUS,2023-08-18 15:00:00+00:00,77.93,78.13,77.645,77.79,42154.0,1480.0,77.877792
CRUS,2023-08-18 16:00:00+00:00,77.79,77.84,77.52,77.67,35765.0,1150.0,77.687828
CRUS,2023-08-18 17:00:00+00:00,77.71,78.07,77.66,77.98,37150.0,1081.0,77.856589
CRUS,2023-08-18 18:00:00+00:00,78.03,78.53,78.03,78.32,54340.0,1464.0,78.279703
CRUS,2023-08-18 19:00:00+00:00,78.3,78.43,78.07,78.16,137654.0,3943.0,78.241063
CRUS,2023-08-18 20:00:00+00:00,78.18,78.18,78.18,78.18,64504.0,23.0,78.18
CRUS,2023-08-21 13:00:00+00:00,78.14,78.72,77.9131,78.69,14321.0,380.0,78.450338
CRUS,2023-08-21 14:00:00+00:00,78.7,78.91,78.51,78.51,25233.0,1046.0,78.649206
CRUS,2023-08-21 15:00:00+00:00,78.51,78.76,78.4,78.42,21678.0,842.0,78.614153
CRUS,2023-08-21 16:00:00+00:00,78.41,78.85,78.315,78.5,20560.0,834.0,78.582741
CRUS,2023-08-21 17:00:00+00:00,78.62,79.23,78.61,79.09,26476.0,954.0,79.043981
CRUS,2023-08-21 18:00:00+00:00,79.08,79.23,78.98,79.16,20268.0,835.0,79.106871
CRUS,2023-08-21 19:00:00+00:00,79.17,79.465,79.04,79.11,91919.0,3055.0,79.199099
CRUS,2023-08-21 20:00:00+00:00,79.14,79.14,79.14,79.14,43242.0,13.0,79.14
CRUS,2023-08-22 13:00:00+00:00,79.59,79.59,78.9347,79.13,5426.0,117.0,79.277587
CRUS,2023-08-22 14:00:00+00:00,79.16,79.54,79.075,79.485,24998.0,803.0,79.324599
CRUS,2023-08-22 15:00:00+00:00,79.4813,79.7,79.36,79.58,26715.0,889.0,79.541414
CRUS,2023-08-22 16:00:00+00:00,79.62,79.64,78.91,79.125,21942.0,756.0,79.229168
CRUS,2023-08-22 17:00:00+00:00,79.1,79.46,78.91,79.2,27579.0,879.0,79.217225
CRUS,2023-08-22 18:00:00+00:00,79.2,79.2,78.53,78.98,36317.0,1190.0,78.817216
CRUS,2023-08-22 19:00:00+00:00,79.01,79.13,78.46,78.6,133318.0,3092.0,78.719636
CRUS,2023-08-22 20:00:00+00:00,78.61,78.61,78.61,78.61,33912.0,14.0,78.61
CRUS,2023-08-23 13:00:00+00:00,78.32,79.64,77.83,79.57,17735.0,419.0,78.73848
CRUS,2023-08-23 14:00:00+00:00,79.59,79.805,79.27,79.44,35585.0,1258.0,79.489632
CRUS,2023-08-23 15:00:00+00:00,79.39,79.6388,79.25,79.6,33801.0,1105.0,79.371743
CRUS,2023-08-23 16:00:00+00:00,79.59,79.59,79.28,79.415,37588.0,1034.0,79.431646
CRUS,2023-08-23 17:00:00+00:00,79.35,79.91,79.35,79.9,25143.0,911.0,79.57858
CRUS,2023-08-23 18:00:00+00:00,79.9,80.26,79.72,79.94,43564.0,1254.0,79.982091
CRUS,2023-08-23 19:00:00+00:00,79.94,80.18,79.77,79.94,84151.0,2653.0,79.943199
CRUS,2023-08-23 20:00:00+00:00,79.93,79.93,79.93,79.93,90575.0,7.0,79.93
CRUS,2023-08-24 12:00:00+00:00,81.5,81.5,81.5,81.5,110.0,1.0,81.5
CRUS,2023-08-24 13:00:00+00:00,80.59,80.81,79.555,79.855,14199.0,392.0,80.094306
CRUS,2023-08-24 14:00:00+00:00,79.89,79.89,78.8345,78.8345,27077.0,1019.0,79.318448
CRUS,2023-08-24 15:00:00+00:00,78.82,78.86,78.19,78.19,22732.0,865.0,78.540432
CRUS,2023-08-24 16:00:00+00:00,78.24,78.52,78.07,78.07,27849.0,881.0,78.326445
CRUS,2023-08-24 17:00:00+00:00,78.11,78.17,77.675,77.75,34284.0,1107.0,77.871391
CRUS,2023-08-24 18:00:00+00:00,77.78,77.93,77.68,77.83,30690.0,1045.0,77.788525
CRUS,2023-08-24 19:00:00+00:00,77.77,77.845,76.92,77.13,125555.0,3409.0,77.213314
CRUS,2023-08-24 20:00:00+00:00,77.07,77.07,77.07,77.07,44816.0,12.0,77.07
CRUS,2023-08-25 13:00:00+00:00,77.21,77.89,77.09,77.4,13653.0,437.0,77.397261
CRUS,2023-08-25 14:00:00+00:00,77.395,77.865,76.365,76.535,27494.0,1239.0,77.082969
CRUS,2023-08-25 15:00:00+00:00,76.57,77.295,76.55,76.82,25328.0,1052.0,76.932902
CRUS,2023-08-25 16:00:00+00:00,76.94,77.35,76.91,77.22,20111.0,910.0,77.12382
CRUS,2023-08-25 17:00:00+00:00,77.26,77.52,77.03,77.44,22781.0,920.0,77.23136
CRUS,2023-08-25 18:00:00+00:00,77.465,77.9599,77.405,77.87,26445.0,1163.0,77.65253
CRUS,2023-08-25 19:00:00+00:00,77.89,78.32,77.76,78.14,106195.0,3528.0,78.142036
CRUS,2023-08-25 20:00:00+00:00,78.22,78.22,78.22,78.22,56104.0,7.0,78.22
CRUS,2023-08-28 11:00:00+00:00,78.75,78.75,78.75,78.75,250.0,1.0,78.75
CRUS,2023-08-28 13:00:00+00:00,78.76,79.42,78.64,78.83,14137.0,298.0,78.952401
CRUS,2023-08-28 14:00:00+00:00,78.88,79.155,78.69,78.82,59746.0,1223.0,78.907968
CRUS,2023-08-28 15:00:00+00:00,78.85,79.06,78.45,78.6,16439.0,617.0,78.796377
CRUS,2023-08-28 16:00:00+00:00,78.51,79.71,78.51,79.5,45836.0,1131.0,79.074985
CRUS,2023-08-28 17:00:00+00:00,79.54,79.59,78.945,78.95,27049.0,883.0,79.369452
CRUS,2023-08-28 18:00:00+00:00,79.01,79.24,78.9401,79.22,28031.0,908.0,79.109641
CRUS,2023-08-28 19:00:00+00:00,79.21,79.51,79.14,79.41,85854.0,2485.0,79.336617
CRUS,2023-08-28 20:00:00+00:00,79.45,79.45,79.45,79.45,26354.0,14.0,79.45
CRUS,2023-08-29 13:00:00+00:00,79.0,79.29,78.88,79.29,10344.0,237.0,79.056652
CRUS,2023-08-29 14:00:00+00:00,79.27,79.93,79.27,79.88,16383.0,683.0,79.612672
CRUS,2023-08-29 15:00:00+00:00,79.84,80.355,79.84,80.235,20351.0,642.0,80.133596
CRUS,2023-08-29 16:00:00+00:00,80.24,80.53,80.21,80.38,13582.0,433.0,80.40224
CRUS,2023-08-29 17:00:00+00:00,80.385,80.54,80.17,80.465,23735.0,720.0,80.369248
CRUS,2023-08-29 18:00:00+00:00,80.375,80.645,80.32,80.5064,18372.0,660.0,80.453281
CRUS,2023-08-29 19:00:00+00:00,80.52,80.77,80.21,80.42,160276.0,3648.0,80.490368
CRUS,2023-08-29 20:00:00+00:00,80.42,80.42,80.42,80.42,252107.0,20.0,80.42
CRUS,2023-08-30 13:00:00+00:00,80.27,80.54,79.955,80.52,24885.0,432.0,80.200415
CRUS,2023-08-30 14:00:00+00:00,80.5,81.3,80.32,81.145,37095.0,1354.0,80.674161
CRUS,2023-08-30 15:00:00+00:00,81.15,81.46,81.07,81.455,29577.0,990.0,81.288251
CRUS,2023-08-30 16:00:00+00:00,81.48,81.67,81.38,81.415,22907.0,838.0,81.530385
CRUS,2023-08-30 17:00:00+00:00,81.38,81.48,81.21,81.31,24420.0,812.0,81.344198
CRUS,2023-08-30 18:00:00+00:00,81.3,81.37,80.99,81.2,34577.0,1032.0,81.183727
CRUS,2023-08-30 19:00:00+00:00,81.21,81.39,81.05,81.12,66440.0,2475.0,81.183557
CRUS,2023-08-30 20:00:00+00:00,81.1,81.1,81.1,81.1,45947.0,28.0,81.1
CRUS,2023-08-31 13:00:00+00:00,80.88,81.79,80.86,81.79,8480.0,238.0,81.319986
CRUS,2023-08-31 14:00:00+00:00,81.86,82.61,81.69,82.475,27063.0,825.0,82.21173
CRUS,2023-08-31 15:00:00+00:00,82.475,82.475,82.02,82.24,27462.0,991.0,82.173251
CRUS,2023-08-31 16:00:00+00:00,82.24,82.43,82.05,82.28,34951.0,894.0,82.180648
CRUS,2023-08-31 17:00:00+00:00,82.35,82.65,82.23,82.41,22427.0,674.0,82.471056
CRUS,2023-08-31 18:00:00+00:00,82.42,82.59,82.4,82.46,31014.0,969.0,82.498511
CRUS,2023-08-31 19:00:00+00:00,82.48,82.6344,82.0,82.02,76770.0,2417.0,82.295391
CRUS,2023-08-31 20:00:00+00:00,82.04,82.04,82.04,82.04,109972.0,20.0,82.040006
CRUS,2023-09-01 13:00:00+00:00,82.59,82.59,81.945,82.4,6656.0,154.0,82.35821
CRUS,2023-09-01 14:00:00+00:00,82.28,82.825,82.25,82.53,18349.0,833.0,82.579539
CRUS,2023-09-01 15:00:00+00:00,82.71,82.89,82.49,82.5499,13177.0,458.0,82.710553
CRUS,2023-09-01 16:00:00+00:00,82.53,82.84,82.48,82.84,10990.0,499.0,82.604432
CRUS,2023-09-01 17:00:00+00:00,82.86,82.875,82.64,82.84,9941.0,453.0,82.731239
CRUS,2023-09-01 18:00:00+00:00,82.89,83.0,82.74,83.0,14100.0,669.0,82.846279
CRUS,2023-09-01 19:00:00+00:00,83.01,83.18,82.865,83.01,54859.0,2169.0,83.001237
CRUS,2023-09-01 20:00:00+00:00,82.92,82.92,82.92,82.92,30566.0,23.0,82.92
CRUS,2023-09-05 13:00:00+00:00,82.4,82.4,80.39,80.61,23379.0,506.0,81.546904
CRUS,2023-09-05 14:00:00+00:00,80.6286,80.7579,79.92,80.155,75367.0,1965.0,80.296237
CRUS,2023-09-05 15:00:00+00:00,80.195,80.525,79.93,80.04,43146.0,1265.0,80.219901
CRUS,2023-09-05 16:00:00+00:00,80.07,80.28,79.53,79.9,84870.0,2129.0,79.907401
CRUS,2023-09-05 17:00:00+00:00,79.95,80.26,79.42,79.475,41387.0,1173.0,79.864927
CRUS,2023-09-05 18:00:00+00:00,79.51,80.0175,79.34,79.405,64692.0,2092.0,79.576697
CRUS,2023-09-05 19:00:00+00:00,79.405,79.71,78.8,79.42,158561.0,4546.0,79.363688
CRUS,2023-09-05 20:00:00+00:00,79.4,79.4,79.4,79.4,86312.0,47.0,79.4
CRUS,2023-09-06 11:00:00+00:00,78.84,78.84,78.75,78.75,350.0,6.0,78.777086
CRUS,2023-09-06 13:00:00+00:00,79.64,80.285,79.1,79.2225,24264.0,574.0,79.673645
CRUS,2023-09-06 14:00:00+00:00,79.15,79.57,78.68,78.68,57768.0,1654.0,79.275848
CRUS,2023-09-06 15:00:00+00:00,78.6,78.6,78.02,78.11,51256.0,1661.0,78.23896
CRUS,2023-09-06 16:00:00+00:00,78.08,78.16,77.675,77.7,47071.0,1453.0,77.939934
CRUS,2023-09-06 17:00:00+00:00,77.8,78.23,77.7,78.07,38019.0,1136.0,78.001772
CRUS,2023-09-06 18:00:00+00:00,78.07,78.35,77.97,77.97,40648.0,1379.0,78.120202
CRUS,2023-09-06 19:00:00+00:00,77.985,77.985,77.28,77.29,240617.0,6151.0,77.561995
CRUS,2023-09-06 20:00:00+00:00,77.29,77.29,77.29,77.29,60813.0,33.0,77.29
CRUS,2023-09-06 23:00:00+00:00,76.55,76.55,76.55,76.55,389.0,17.0,76.695476
CRUS,2023-09-07 10:00:00+00:00,76.06,76.06,76.06,76.06,129.0,3.0,76.065504
CRUS,2023-09-07 11:00:00+00:00,76.67,76.67,76.5,76.51,576.0,6.0,76.590278
CRUS,2023-09-07 12:00:00+00:00,75.01,75.05,75.0,75.0,993.0,15.0,75.022064
CRUS,2023-09-07 13:00:00+00:00,75.76,75.76,72.74,73.105,99944.0,2149.0,73.931204
CRUS,2023-09-07 14:00:00+00:00,73.155,73.46,72.14,72.61,117282.0,2780.0,72.924335
CRUS,2023-09-07 15:00:00+00:00,72.7,72.91,71.9,71.905,66565.0,2441.0,72.352459
CRUS,2023-09-07 16:00:00+00:00,71.89,72.93,71.865,72.85,47537.0,1764.0,72.541341
CRUS,2023-09-07 17:00:00+00:00,72.82,73.23,72.49,72.64,39008.0,1452.0,72.877447
CRUS,2023-09-07 18:00:00+00:00,72.68,73.06,72.6345,72.97,54232.0,1878.0,72.865208
CRUS,2023-09-07 19:00:00+00:00,72.995,73.98,72.995,73.66,240816.0,6064.0,73.663673
CRUS,2023-09-07 20:00:00+00:00,73.65,73.65,73.65,73.65,211126.0,28.0,73.65
CRUS,2023-09-08 09:00:00+00:00,73.6,73.6,73.28,73.28,318.0,3.0,73.483459
CRUS,2023-09-08 13:00:00+00:00,73.64,73.875,73.07,73.07,27850.0,481.0,73.536775
CRUS,2023-09-08 14:00:00+00:00,73.16,73.875,73.1,73.23,35604.0,1143.0,73.435621
CRUS,2023-09-08 15:00:00+00:00,73.12,73.6,73.11,73.36,30791.0,1005.0,73.2832
CRUS,2023-09-08 16:00:00+00:00,73.34,73.845,73.33,73.8,24113.0,860.0,73.603671
CRUS,2023-09-08 17:00:00+00:00,73.79,73.82,73.47,73.7,27115.0,941.0,73.706768
CRUS,2023-09-08 18:00:00+00:00,73.7,73.76,73.41,73.63,43603.0,1340.0,73.572931
CRUS,2023-09-08 19:00:00+00:00,73.64,73.71,73.46,73.49,125201.0,3331.0,73.583143
CRUS,2023-09-08 20:00:00+00:00,73.5,73.5,73.5,73.5,51829.0,21.0,73.5
CRUS,2023-09-11 13:00:00+00:00,74.32,74.32,72.8,72.905,20153.0,491.0,73.3274
CRUS,2023-09-11 14:00:00+00:00,72.76,73.26,72.62,73.07,70637.0,1875.0,72.889845
CRUS,2023-09-11 15:00:00+00:00,72.98,73.5,72.98,73.39,28411.0,1067.0,73.283397
CRUS,2023-09-11 16:00:00+00:00,73.445,73.5799,73.36,73.48,19542.0,838.0,73.484684
CRUS,2023-09-11 17:00:00+00:00,73.48,73.5999,73.245,73.34,32412.0,1163.0,73.42322
CRUS,2023-09-11 18:00:00+00:00,73.29,73.34,73.07,73.21,29090.0,1158.0,73.214429
CRUS,2023-09-11 19:00:00+00:00,73.18,73.64,73.18,73.53,114032.0,3740.0,73.454625
CRUS,2023-09-11 20:00:00+00:00,73.58,73.58,73.58,73.58,54999.0,18.0,73.58
CRUS,2023-09-12 13:00:00+00:00,73.21,73.56,72.72,73.4893,17974.0,472.0,73.296836
CRUS,2023-09-12 14:00:00+00:00,73.5,73.68,73.25,73.425,49647.0,1436.0,73.442486
CRUS,2023-09-12 15:00:00+00:00,73.42,73.6094,73.35,73.505,27701.0,963.0,73.485471
CRUS,2023-09-12 16:00:00+00:00,73.52,73.57,72.99,73.0286,35774.0,1160.0,73.275335
CRUS,2023-09-12 17:00:00+00:00,72.99,73.49,72.8,72.93,57490.0,1536.0,73.14413
CRUS,2023-09-12 18:00:00+00:00,72.98,78.304,72.79,74.56,819438.0,10577.0,75.147945
CRUS,2023-09-12 19:00:00+00:00,74.535,74.535,73.54,73.54,343973.0,6024.0,73.807218
CRUS,2023-09-12 20:00:00+00:00,73.59,73.59,73.52,73.52,68785.0,32.0,73.589628
CRUS,2023-09-13 12:00:00+00:00,76.36,76.36,73.2,73.2,213.0,3.0,74.684178
CRUS,2023-09-13 13:00:00+00:00,74.05,74.065,72.57,73.6,55332.0,1203.0,73.2423
CRUS,2023-09-13 14:00:00+00:00,73.43,74.24,72.76,74.18,46964.0,1330.0,73.572556
CRUS,2023-09-13 15:00:00+00:00,74.265,74.47,73.62,73.87,42480.0,1375.0,74.104458
CRUS,2023-09-13 16:00:00+00:00,73.875,73.875,73.04,73.125,37810.0,1115.0,73.437474
CRUS,2023-09-13 17:00:00+00:00,73.08,73.16,72.78,72.825,54915.0,1438.0,72.974479
CRUS,2023-09-13 18:00:00+00:00,72.84,72.9,72.36,72.36,38182.0,1354.0,72.646943
CRUS,2023-09-13 19:00:00+00:00,72.35,72.47,72.09,72.14,167945.0,4447.0,72.256904
CRUS,2023-09-13 20:00:00+00:00,72.18,72.18,72.18,72.18,64137.0,32.0,72.18
CRUS,2023-09-14 13:00:00+00:00,73.14,73.74,72.6823,73.16,34226.0,722.0,73.322917
CRUS,2023-09-14 14:00:00+00:00,73.15,73.41,72.735,73.325,46233.0,1449.0,73.032008
CRUS,2023-09-14 15:00:00+00:00,73.26,73.37,72.75,72.85,38314.0,1483.0,73.037612
CRUS,2023-09-14 16:00:00+00:00,72.875,73.13,72.48,73.07,31436.0,1317.0,72.866739
CRUS,2023-09-14 17:00:00+00:00,73.07,73.37,73.05,73.27,46529.0,1549.0,73.178676
CRUS,2023-09-14 18:00:00+00:00,73.23,73.285,72.92,73.16,36366.0,1484.0,73.118721
CRUS,2023-09-14 19:00:00+00:00,73.2,73.55,73.185,73.39,157124.0,4966.0,73.365761
CRUS,2023-09-14 20:00:00+00:00,73.4,73.4,73.4,73.4,73319.0,25.0,73.4
CRUS,2023-09-15 13:00:00+00:00,73.08,73.39,72.75,73.13,44788.0,467.0,73.093476
CRUS,2023-09-15 14:00:00+00:00,73.19,73.635,72.54,72.76,64011.0,1995.0,73.152553
CRUS,2023-09-15 15:00:00+00:00,72.83,73.43,72.83,73.14,64664.0,1820.0,73.139324
CRUS,2023-09-15 16:00:00+00:00,73.145,73.24,72.655,72.7,51741.0,1450.0,72.871993
CRUS,2023-09-15 17:00:00+00:00,72.66,72.84,72.56,72.71,36330.0,1308.0,72.671673
CRUS,2023-09-15 18:00:00+00:00,72.72,72.87,72.6,72.635,46685.0,1705.0,72.699091
CRUS,2023-09-15 19:00:00+00:00,72.65,73.3,72.6,73.21,170789.0,4778.0,72.989407
CRUS,2023-09-15 20:00:00+00:00,73.17,73.24,73.17,73.24,941606.0,60.0,73.170084
CRUS,2023-09-18 13:00:00+00:00,73.05,74.285,73.05,73.77,17853.0,577.0,73.851975
CRUS,2023-09-18 14:00:00+00:00,73.77,74.82,73.68,73.9,53358.0,1690.0,74.29885
CRUS,2023-09-18 15:00:00+00:00,73.94,74.025,73.15,73.41,80484.0,2212.0,73.486414
CRUS,2023-09-18 16:00:00+00:00,73.485,74.04,73.485,73.995,44628.0,1390.0,73.780823
CRUS,2023-09-18 17:00:00+00:00,73.98,74.58,73.95,74.33,71028.0,1837.0,74.252542
CRUS,2023-09-18 18:00:00+00:00,74.34,74.4,73.95,74.06,71783.0,1881.0,74.184072
CRUS,2023-09-18 19:00:00+00:00,74.065,74.14,73.615,73.83,190890.0,5066.0,73.88858
CRUS,2023-09-18 20:00:00+00:00,73.85,73.85,73.85,73.85,77097.0,23.0,73.85
CRUS,2023-09-19 13:00:00+00:00,73.89,73.89,73.34,73.65,7795.0,174.0,73.605307
CRUS,2023-09-19 14:00:00+00:00,73.65,73.78,72.595,72.895,46519.0,1499.0,73.123177
CRUS,2023-09-19 15:00:00+00:00,72.96,73.6,72.96,73.515,23273.0,879.0,73.287096
CRUS,2023-09-19 16:00:00+00:00,73.49,73.56,73.24,73.56,17781.0,736.0,73.379164
CRUS,2023-09-19 17:00:00+00:00,73.57,73.885,73.48,73.7,20127.0,886.0,73.640708
CRUS,2023-09-19 18:00:00+00:00,73.715,73.85,73.6025,73.61,19038.0,906.0,73.707298
CRUS,2023-09-19 19:00:00+00:00,73.56,73.605,73.32,73.48,74898.0,2751.0,73.429632
CRUS,2023-09-19 20:00:00+00:00,73.44,73.44,73.44,73.44,48921.0,26.0,73.440004
CRUS,2023-09-20 13:00:00+00:00,73.39,74.1732,73.39,73.74,5963.0,130.0,73.602663
CRUS,2023-09-20 14:00:00+00:00,73.43,73.49,72.865,73.26,26654.0,751.0,73.106663
CRUS,2023-09-20 15:00:00+00:00,73.32,73.34,72.935,73.1804,21547.0,719.0,73.195415
CRUS,2023-09-20 16:00:00+00:00,73.18,73.19,72.875,72.875,12597.0,545.0,73.069527
CRUS,2023-09-20 17:00:00+00:00,72.875,73.035,72.74,72.93,18982.0,680.0,72.882596
CRUS,2023-09-20 18:00:00+00:00,72.92,72.99,72.49,72.545,57090.0,1133.0,72.762476
CRUS,2023-09-20 19:00:00+00:00,72.53,72.63,71.94,72.04,66153.0,2367.0,72.192017
CRUS,2023-09-20 20:00:00+00:00,72.04,72.04,72.04,72.04,38999.0,30.0,72.04
CRUS,2023-09-21 12:00:00+00:00,71.68,71.68,71.68,71.68,198.0,4.0,71.494343
CRUS,2023-09-21 13:00:00+00:00,71.27,72.61,71.27,72.41,18697.0,383.0,72.082873
CRUS,2023-09-21 14:00:00+00:00,72.19,72.41,71.67,71.75,25827.0,909.0,71.945154
CRUS,2023-09-21 15:00:00+00:00,71.778,72.33,71.778,72.23,16234.0,849.0,72.050008
CRUS,2023-09-21 16:00:00+00:00,72.215,72.215,71.875,72.09,21365.0,825.0,72.05413
CRUS,2023-09-21 17:00:00+00:00,72.13,72.43,72.13,72.24,10811.0,540.0,72.287299
CRUS,2023-09-21 18:00:00+00:00,72.12,72.32,72.05,72.1908,22574.0,880.0,72.218796
CRUS,2023-09-21 19:00:00+00:00,72.2,72.29,71.64,71.64,97669.0,3453.0,71.91018
CRUS,2023-09-21 20:00:00+00:00,71.68,71.68,71.68,71.68,36545.0,20.0,71.68
CRUS,2023-09-21 22:00:00+00:00,71.5,71.5,71.5,71.5,796.0,8.0,71.500075
CRUS,2023-09-22 13:00:00+00:00,72.07,72.555,71.9,72.1,5250.0,124.0,72.123728
CRUS,2023-09-22 14:00:00+00:00,71.97,72.625,71.895,72.5,16375.0,486.0,72.174485
CRUS,2023-09-22 15:00:00+00:00,72.51,72.53,72.205,72.205,9832.0,449.0,72.377467
CRUS,2023-09-22 16:00:00+00:00,72.15,72.6301,72.15,72.22,31525.0,902.0,72.372498
CRUS,2023-09-22 17:00:00+00:00,72.28,72.54,72.28,72.34,13486.0,603.0,72.365219
CRUS,2023-09-22 18:00:00+00:00,72.4,72.41,72.205,72.29,22225.0,899.0,72.311233
CRUS,2023-09-22 19:00:00+00:00,72.27,72.51,71.75,71.76,85402.0,2592.0,72.036941
CRUS,2023-09-22 20:00:00+00:00,71.8,71.8,71.8,71.8,35481.0,25.0,71.799963
CRUS,2023-09-25 13:00:00+00:00,71.5,72.57,71.13,72.285,9675.0,184.0,71.999248
CRUS,2023-09-25 14:00:00+00:00,72.12,72.19,71.82,72.03,19533.0,616.0,72.018912
CRUS,2023-09-25 15:00:00+00:00,72.0,72.23,71.9016,71.9799,31986.0,781.0,72.090345
CRUS,2023-09-25 16:00:00+00:00,71.92,72.25,71.92,72.03,17025.0,658.0,72.08518
CRUS,2023-09-25 17:00:00+00:00,72.09,72.17,71.91,72.04,16595.0,603.0,72.013927
CRUS,2023-09-25 18:00:00+00:00,72.04,72.13,71.73,71.77,30902.0,873.0,71.972579
CRUS,2023-09-25 19:00:00+00:00,71.8,72.15,71.71,72.14,72664.0,2531.0,72.023577
CRUS,2023-09-25 20:00:00+00:00,72.1,72.1,72.1,72.1,52356.0,25.0,72.1
CRUS,2023-09-26 13:00:00+00:00,71.38,72.725,71.38,72.32,36584.0,546.0,72.197723
CRUS,2023-09-26 14:00:00+00:00,72.45,72.6,72.135,72.295,32125.0,997.0,72.339467
CRUS,2023-09-26 15:00:00+00:00,72.385,72.42,72.1,72.195,25077.0,883.0,72.25581
CRUS,2023-09-26 16:00:00+00:00,72.12,72.29,72.115,72.24,18358.0,646.0,72.214451
CRUS,2023-09-26 17:00:00+00:00,72.225,72.37,72.0301,72.195,23775.0,816.0,72.193921
CRUS,2023-09-26 18:00:00+00:00,72.195,72.2445,71.74,71.9955,34888.0,1242.0,71.91838
CRUS,2023-09-26 19:00:00+00:00,71.95,72.15,71.732,71.82,85321.0,2865.0,71.931403
CRUS,2023-09-26 20:00:00+00:00,71.83,71.83,71.83,71.83,56230.0,21.0,71.83
CRUS,2023-09-27 12:00:00+00:00,72.6,72.6,72.6,72.6,100.0,1.0,72.6
CRUS,2023-09-27 13:00:00+00:00,72.48,72.695,72.3,72.445,12298.0,241.0,72.456086
CRUS,2023-09-27 14:00:00+00:00,72.61,72.64,71.94,71.9879,25734.0,882.0,72.380367
CRUS,2023-09-27 15:00:00+00:00,72.07,72.27,71.6793,71.73,15732.0,635.0,71.926141
CRUS,2023-09-27 16:00:00+00:00,71.71,71.7483,71.48,71.63,20548.0,725.0,71.621317
CRUS,2023-09-27 17:00:00+00:00,71.68,71.815,71.4064,71.7,16244.0,549.0,71.656833
CRUS,2023-09-27 18:00:00+00:00,71.69,72.09,71.69,72.01,14794.0,598.0,71.8897
CRUS,2023-09-27 19:00:00+00:00,72.04,72.225,71.83,71.97,74216.0,2541.0,71.988951
CRUS,2023-09-27 20:00:00+00:00,71.97,71.97,71.97,71.97,40631.0,18.0,71.97
CRUS,2023-09-28 13:00:00+00:00,71.87,72.39,71.73,72.345,8458.0,188.0,72.069579
CRUS,2023-09-28 14:00:00+00:00,72.3,72.97,72.29,72.85,24641.0,817.0,72.668966
CRUS,2023-09-28 15:00:00+00:00,72.88,73.935,72.82,73.935,36361.0,1016.0,73.591074
CRUS,2023-09-28 16:00:00+00:00,74.0,74.08,73.645,73.92,48444.0,1325.0,73.862845
CRUS,2023-09-28 17:00:00+00:00,73.94,74.06,73.53,73.58,38910.0,1208.0,73.824019
CRUS,2023-09-28 18:00:00+00:00,73.45,73.845,73.45,73.53,48838.0,1345.0,73.660948
CRUS,2023-09-28 19:00:00+00:00,73.555,74.164,73.53,74.04,104285.0,2943.0,73.921184
CRUS,2023-09-28 20:00:00+00:00,74.04,74.04,74.04,74.04,55730.0,25.0,74.04
CRUS,2023-09-29 13:00:00+00:00,74.66,75.115,74.41,75.11,16960.0,362.0,74.779031
CRUS,2023-09-29 14:00:00+00:00,75.13,75.175,74.49,74.83,29305.0,857.0,74.8174
CRUS,2023-09-29 15:00:00+00:00,74.86,74.91,74.345,74.59,37713.0,1043.0,74.584033
CRUS,2023-09-29 16:00:00+00:00,74.56,74.775,74.08,74.08,27378.0,820.0,74.403387
CRUS,2023-09-29 17:00:00+00:00,74.04,74.1,73.81,73.81,23995.0,676.0,73.910046
CRUS,2023-09-29 18:00:00+00:00,73.785,74.13,73.75,74.06,28624.0,861.0,73.888323
CRUS,2023-09-29 19:00:00+00:00,74.104,74.34,73.84,74.02,98487.0,2806.0,74.063344
CRUS,2023-09-29 20:00:00+00:00,74.03,74.03,73.96,73.96,64599.0,23.0,73.960108
CRUS,2023-10-02 13:00:00+00:00,74.04,74.87,74.04,74.16,17082.0,327.0,74.329036
CRUS,2023-10-02 14:00:00+00:00,74.155,74.6274,73.066,73.3,42558.0,1312.0,73.73278
CRUS,2023-10-02 15:00:00+00:00,73.2127,73.84,73.14,73.48,39714.0,1129.0,73.448384
CRUS,2023-10-02 16:00:00+00:00,73.435,73.5307,73.04,73.1,40621.0,1098.0,73.244276
CRUS,2023-10-02 17:00:00+00:00,73.1176,73.2517,72.95,73.04,24774.0,825.0,73.086953
CRUS,2023-10-02 18:00:00+00:00,72.99,73.02,72.58,72.695,29182.0,1152.0,72.78989
CRUS,2023-10-02 19:00:00+00:00,72.7,73.08,72.58,73.02,80411.0,2720.0,72.914765
CRUS,2023-10-02 20:00:00+00:00,73.02,73.02,73.02,73.02,53027.0,25.0,73.02
CRUS,2023-10-03 13:00:00+00:00,72.44,73.23,72.23,73.04,8910.0,294.0,72.848548
CRUS,2023-10-03 14:00:00+00:00,72.81,72.91,72.2875,72.31,21967.0,774.0,72.56184
CRUS,2023-10-03 15:00:00+00:00,72.28,72.57,72.24,72.29,30075.0,871.0,72.336221
CRUS,2023-10-03 16:00:00+00:00,72.29,72.55,72.25,72.38,9995.0,393.0,72.43447
CRUS,2023-10-03 17:00:00+00:00,72.44,72.49,71.71,71.82,59587.0,1272.0,72.127462
CRUS,2023-10-03 18:00:00+00:00,71.87,72.0,71.67,71.71,45280.0,1340.0,71.845076
CRUS,2023-10-03 19:00:00+00:00,71.75,72.0,71.64,71.79,138975.0,3803.0,71.813678
CRUS,2023-10-03 20:00:00+00:00,71.75,71.75,71.75,71.75,82072.0,20.0,71.75
CRUS,2023-10-04 13:00:00+00:00,72.04,72.39,71.81,71.81,9641.0,237.0,72.074815
CRUS,2023-10-04 14:00:00+00:00,71.96,71.96,71.33,71.37,30511.0,1056.0,71.634397
CRUS,2023-10-04 15:00:00+00:00,71.4,71.88,71.205,71.85,79193.0,1469.0,71.537925
CRUS,2023-10-04 16:00:00+00:00,71.86,72.03,71.62,71.64,47477.0,1455.0,71.840607
CRUS,2023-10-04 17:00:00+00:00,71.62,71.67,70.88,70.95,65842.0,1839.0,71.253723
CRUS,2023-10-04 18:00:00+00:00,70.95,71.34,70.84,71.17,94635.0,2180.0,71.086746
CRUS,2023-10-04 19:00:00+00:00,71.2,71.599,71.05,71.31,196442.0,4277.0,71.338656
CRUS,2023-10-04 20:00:00+00:00,71.31,71.46,71.31,71.31,139565.0,26.0,71.310536
CRUS,2023-10-05 13:00:00+00:00,71.49,71.84,71.25,71.45,13185.0,310.0,71.531584
CRUS,2023-10-05 14:00:00+00:00,71.36,71.36,70.82,71.085,37733.0,1257.0,71.115424
CRUS,2023-10-05 15:00:00+00:00,71.02,71.31,71.02,71.155,44088.0,1466.0,71.184744
CRUS,2023-10-05 16:00:00+00:00,71.2,71.44,71.165,71.27,34179.0,991.0,71.29248
CRUS,2023-10-05 17:00:00+00:00,71.215,71.49,71.035,71.41,27698.0,959.0,71.259561
CRUS,2023-10-05 18:00:00+00:00,71.38,71.595,71.21,71.53,39761.0,1437.0,71.41797
CRUS,2023-10-05 19:00:00+00:00,71.52,71.696,71.31,71.35,144769.0,3757.0,71.479817
CRUS,2023-10-05 20:00:00+00:00,71.36,71.36,71.36,71.36,85969.0,18.0,71.36
CRUS,2023-10-06 12:00:00+00:00,70.12,70.12,70.12,70.12,100.0,1.0,70.12
CRUS,2023-10-06 13:00:00+00:00,71.0,71.45,70.98,71.45,9313.0,241.0,71.141727
CRUS,2023-10-06 14:00:00+00:00,71.4,72.031,71.3,71.65,39277.0,1094.0,71.70319
CRUS,2023-10-06 15:00:00+00:00,71.635,72.68,71.57,72.615,41907.0,1072.0,71.950591
CRUS,2023-10-06 16:00:00+00:00,72.65,72.95,72.59,72.59,42062.0,1137.0,72.766923
CRUS,2023-10-06 17:00:00+00:00,72.56,72.595,72.33,72.565,20671.0,762.0,72.449191
CRUS,2023-10-06 18:00:00+00:00,72.57,73.03,72.53,72.68,32927.0,1002.0,72.750212
CRUS,2023-10-06 19:00:00+00:00,72.5901,72.885,72.38,72.41,100902.0,3146.0,72.55402
CRUS,2023-10-06 20:00:00+00:00,72.44,72.44,72.44,72.44,70094.0,15.0,72.44
CRUS,2023-10-09 13:00:00+00:00,71.38,71.71,70.875,71.05,12276.0,249.0,71.258911
CRUS,2023-10-09 14:00:00+00:00,71.08,71.08,70.35,70.524,22247.0,807.0,70.693149
CRUS,2023-10-09 15:00:00+00:00,70.66,70.66,70.3,70.46,20146.0,793.0,70.429661
CRUS,2023-10-09 16:00:00+00:00,70.42,70.71,70.23,70.44,39337.0,1032.0,70.484112
CRUS,2023-10-09 17:00:00+00:00,70.41,70.94,70.36,70.87,30460.0,927.0,70.652957
CRUS,2023-10-09 18:00:00+00:00,70.84,71.025,70.73,70.91,36211.0,1207.0,70.873612
CRUS,2023-10-09 19:00:00+00:00,70.9,70.97,70.295,70.46,113903.0,2698.0,70.514026
CRUS,2023-10-09 20:00:00+00:00,70.47,70.47,70.42,70.42,67792.0,34.0,70.420221
CRUS,2023-10-10 08:00:00+00:00,70.42,70.42,70.42,70.42,100.0,1.0,70.42
CRUS,2023-10-10 13:00:00+00:00,70.21,71.04,70.16,71.04,14083.0,232.0,70.375099
CRUS,2023-10-10 14:00:00+00:00,71.175,71.76,70.965,71.58,21551.0,622.0,71.352942
CRUS,2023-10-10 15:00:00+00:00,71.62,72.1784,71.49,71.785,32658.0,725.0,71.925095
CRUS,2023-10-10 16:00:00+00:00,71.7601,71.99,71.705,71.91,17490.0,635.0,71.827135
CRUS,2023-10-10 17:00:00+00:00,71.99,71.99,71.29,71.51,20017.0,703.0,71.565816
CRUS,2023-10-10 18:00:00+00:00,71.59,71.59,71.15,71.2,33022.0,912.0,71.410553
CRUS,2023-10-10 19:00:00+00:00,71.24,71.43,71.13,71.29,117894.0,2711.0,71.292311
CRUS,2023-10-10 20:00:00+00:00,71.28,71.28,71.28,71.28,54842.0,19.0,71.28
CRUS,2023-10-11 13:00:00+00:00,71.54,71.8239,71.41,71.52,5171.0,73.0,71.528967
CRUS,2023-10-11 14:00:00+00:00,71.44,71.99,71.0,71.99,33838.0,921.0,71.382785
CRUS,2023-10-11 15:00:00+00:00,71.96,72.14,71.64,71.955,40453.0,1150.0,71.946685
CRUS,2023-10-11 16:00:00+00:00,71.97,71.99,71.6125,71.81,21880.0,692.0,71.762251
CRUS,2023-10-11 17:00:00+00:00,71.82,71.89,71.59,71.74,38865.0,1017.0,71.734549
CRUS,2023-10-11 18:00:00+00:00,71.76,71.91,71.6,71.805,45730.0,1215.0,71.746233
CRUS,2023-10-11 19:00:00+00:00,71.83,72.03,71.68,71.95,142932.0,3279.0,71.837073
CRUS,2023-10-11 20:00:00+00:00,72.01,72.01,71.93,72.01,60731.0,26.0,72.009429
CRUS,2023-10-12 13:00:00+00:00,72.25,72.52,71.74,72.23,9107.0,197.0,72.097902
CRUS,2023-10-12 14:00:00+00:00,72.29,72.83,72.29,72.74,22782.0,691.0,72.548898
CRUS,2023-10-12 15:00:00+00:00,72.675,72.675,72.11,72.38,16312.0,558.0,72.408297
CRUS,2023-10-12 16:00:00+00:00,72.39,72.715,72.28,72.47,47405.0,574.0,72.540243
CRUS,2023-10-12 17:00:00+00:00,72.5,72.51,71.79,71.955,29405.0,871.0,72.054112
CRUS,2023-10-12 18:00:00+00:00,71.94,72.38,71.7,72.3,42657.0,1501.0,72.043571
CRUS,2023-10-12 19:00:00+00:00,72.37,72.63,72.28,72.56,128483.0,3278.0,72.442417
CRUS,2023-10-12 20:00:00+00:00,72.56,72.56,72.56,72.56,42677.0,29.0,72.56
CRUS,2023-10-13 13:00:00+00:00,72.47,72.62,71.51,71.84,11043.0,271.0,72.088174
CRUS,2023-10-13 14:00:00+00:00,71.84,71.84,70.961,70.961,15874.0,635.0,71.363319
CRUS,2023-10-13 15:00:00+00:00,70.83,71.03,70.66,70.72,12332.0,478.0,70.872556
CRUS,2023-10-13 16:00:00+00:00,70.74,71.25,70.74,71.03,12060.0,416.0,71.086587
CRUS,2023-10-13 17:00:00+00:00,71.09,71.09,70.535,70.61,11731.0,438.0,70.750071
CRUS,2023-10-13 18:00:00+00:00,70.69,70.77,70.56,70.63,19460.0,701.0,70.649466
CRUS,2023-10-13 19:00:00+00:00,70.6,70.7,70.43,70.64,62816.0,2315.0,70.578195
CRUS,2023-10-13 20:00:00+00:00,70.58,70.58,70.58,70.58,39614.0,20.0,70.58
CRUS,2023-10-16 10:00:00+00:00,70.11,70.11,70.1,70.1,300.0,3.0,70.106667
CRUS,2023-10-16 11:00:00+00:00,70.4,70.4,70.4,70.4,166.0,3.0,70.413253
CRUS,2023-10-16 13:00:00+00:00,70.62,71.43,70.23,71.43,17944.0,219.0,71.036097
CRUS,2023-10-16 14:00:00+00:00,71.5,71.9,71.3957,71.69,19082.0,480.0,71.66445
CRUS,2023-10-16 15:00:00+00:00,71.73,71.82,71.24,71.36,15743.0,516.0,71.589131
CRUS,2023-10-16 16:00:00+00:00,71.17,71.565,71.15,71.365,16642.0,561.0,71.318315
CRUS,2023-10-16 17:00:00+00:00,71.47,71.61,71.05,71.155,22855.0,680.0,71.292239
CRUS,2023-10-16 18:00:00+00:00,71.1,71.25,71.03,71.03,28752.0,801.0,71.107151
CRUS,2023-10-16 19:00:00+00:00,71.03,71.295,70.995,71.12,76090.0,2492.0,71.176252
CRUS,2023-10-16 20:00:00+00:00,71.17,71.17,71.17,71.17,41833.0,31.0,71.169982
CRUS,2023-10-17 13:00:00+00:00,70.5,70.91,70.12,70.37,10190.0,203.0,70.489347
CRUS,2023-10-17 14:00:00+00:00,70.38,71.17,70.13,71.12,29300.0,775.0,70.558811
CRUS,2023-10-17 15:00:00+00:00,71.06,71.68,70.82,71.68,18282.0,539.0,71.277535
CRUS,2023-10-17 16:00:00+00:00,71.72,71.8,71.26,71.27,16329.0,565.0,71.564793
CRUS,2023-10-17 17:00:00+00:00,71.305,71.5,71.23,71.28,20382.0,580.0,71.356501
CRUS,2023-10-17 18:00:00+00:00,71.28,71.46,71.15,71.22,22726.0,704.0,71.304185
CRUS,2023-10-17 19:00:00+00:00,71.18,71.42,71.045,71.41,69174.0,2390.0,71.239404
CRUS,2023-10-17 20:00:00+00:00,71.37,71.37,71.37,71.37,100911.0,27.0,71.369966
CRUS,2023-10-18 13:00:00+00:00,70.23,70.42,69.26,69.78,23721.0,516.0,69.78243
CRUS,2023-10-18 14:00:00+00:00,69.54,70.05,69.4,69.63,38706.0,1267.0,69.720962
CRUS,2023-10-18 15:00:00+00:00,69.57,69.82,69.43,69.72,56497.0,1706.0,69.599724
CRUS,2023-10-18 16:00:00+00:00,69.71,69.905,69.47,69.62,17176.0,685.0,69.667466
CRUS,2023-10-18 17:00:00+00:00,69.6,69.9175,69.48,69.785,21246.0,808.0,69.71126
CRUS,2023-10-18 18:00:00+00:00,69.88,70.03,69.51,69.62,35626.0,1055.0,69.707777
CRUS,2023-10-18 19:00:00+00:00,69.61,69.61,69.22,69.46,83555.0,2690.0,69.379149
CRUS,2023-10-18 20:00:00+00:00,69.43,69.43,69.43,69.43,35496.0,19.0,69.43
CRUS,2023-10-19 13:00:00+00:00,70.03,70.32,69.84,70.1942,44007.0,914.0,69.987533
CRUS,2023-10-19 14:00:00+00:00,70.2385,70.54,69.765,69.8,53811.0,1573.0,70.074506
CRUS,2023-10-19 15:00:00+00:00,69.79,69.84,69.13,69.51,37710.0,1165.0,69.43001
CRUS,2023-10-19 16:00:00+00:00,69.48,70.0,69.1,69.76,38585.0,1050.0,69.475609
CRUS,2023-10-19 17:00:00+00:00,69.69,69.93,69.17,69.25,38238.0,1187.0,69.582582
CRUS,2023-10-19 18:00:00+00:00,69.24,69.365,68.65,68.71,44166.0,1461.0,68.98293
CRUS,2023-10-19 19:00:00+00:00,68.72,68.72,68.0,68.13,222854.0,5824.0,68.201319
CRUS,2023-10-19 20:00:00+00:00,68.17,68.19,68.17,68.19,82986.0,28.0,68.170048
CRUS,2023-10-20 13:00:00+00:00,68.17,68.7434,68.17,68.18,26700.0,406.0,68.44404
CRUS,2023-10-20 14:00:00+00:00,68.13,68.36,67.46,67.7,45577.0,1149.0,68.004809
CRUS,2023-10-20 15:00:00+00:00,67.63,67.9,67.4,67.85,23728.0,813.0,67.628451
CRUS,2023-10-20 16:00:00+00:00,67.8,67.99,67.62,67.99,20834.0,677.0,67.757124
CRUS,2023-10-20 17:00:00+00:00,68.0,68.27,67.88,68.0,28460.0,845.0,68.046917
CRUS,2023-10-20 18:00:00+00:00,68.0,68.09,67.54,67.82,55898.0,1545.0,67.903257
CRUS,2023-10-20 19:00:00+00:00,67.8,67.87,67.64,67.67,135252.0,3516.0,67.761743
CRUS,2023-10-20 20:00:00+00:00,67.74,67.74,67.74,67.74,58018.0,23.0,67.739995
CRUS,2023-10-23 09:00:00+00:00,67.1,67.1,67.1,67.1,100.0,1.0,67.1
CRUS,2023-10-23 13:00:00+00:00,67.33,67.5,66.82,67.13,23381.0,415.0,67.128814
CRUS,2023-10-23 14:00:00+00:00,67.03,67.165,66.73,66.96,39554.0,1217.0,66.944268
CRUS,2023-10-23 15:00:00+00:00,66.88,67.17,66.81,66.93,42635.0,1260.0,66.994991
CRUS,2023-10-23 16:00:00+00:00,66.945,67.39,66.765,67.26,46478.0,1320.0,67.075469
CRUS,2023-10-23 17:00:00+00:00,67.19,67.23,66.73,66.79,67264.0,1427.0,66.951411
CRUS,2023-10-23 18:00:00+00:00,66.8,66.9155,66.55,66.76,60021.0,1464.0,66.683013
CRUS,2023-10-23 19:00:00+00:00,66.8,66.89,66.63,66.85,137542.0,3423.0,66.763534
CRUS,2023-10-23 20:00:00+00:00,66.87,66.87,66.87,66.87,88933.0,14.0,66.87
CRUS,2023-10-24 13:00:00+00:00,67.01,67.2,66.42,66.86,27059.0,498.0,66.733071
CRUS,2023-10-24 14:00:00+00:00,66.79,67.0,66.29,66.58,41559.0,1329.0,66.751828
CRUS,2023-10-24 15:00:00+00:00,66.57,66.64,65.91,66.07,43781.0,1298.0,66.195307
CRUS,2023-10-24 16:00:00+00:00,66.1,66.12,65.66,65.67,62953.0,1098.0,65.886143
CRUS,2023-10-24 17:00:00+00:00,65.675,66.06,65.665,66.06,53360.0,1476.0,65.854293
CRUS,2023-10-24 18:00:00+00:00,66.07,66.55,66.03,66.36,40136.0,1216.0,66.267931
CRUS,2023-10-24 19:00:00+00:00,66.36,67.14,66.36,67.1,141736.0,3091.0,66.926448
CRUS,2023-10-24 20:00:00+00:00,67.1,67.1,67.1,67.1,65339.0,30.0,67.1
CRUS,2023-10-25 13:00:00+00:00,66.37,66.76,65.975,66.01,20121.0,325.0,66.2481
CRUS,2023-10-25 14:00:00+00:00,65.95,66.325,65.69,66.18,33289.0,907.0,66.016484
CRUS,2023-10-25 15:00:00+00:00,66.22,66.925,66.105,66.91,103822.0,2063.0,66.56117
CRUS,2023-10-25 16:00:00+00:00,66.88,66.9,66.17,66.185,150374.0,1999.0,66.613347
CRUS,2023-10-25 17:00:00+00:00,66.29,66.41,66.03,66.34,144960.0,2029.0,66.227711
CRUS,2023-10-25 18:00:00+00:00,66.33,66.81,66.27,66.55,120075.0,2338.0,66.603865
CRUS,2023-10-25 19:00:00+00:00,66.52,66.99,66.5,66.96,257360.0,5225.0,66.798707
CRUS,2023-10-25 20:00:00+00:00,66.92,66.92,66.92,66.92,76166.0,38.0,66.92
CRUS,2023-10-26 13:00:00+00:00,66.92,68.16,66.92,68.03,44802.0,382.0,67.720816
CRUS,2023-10-26 14:00:00+00:00,68.05,68.24,67.66,67.99,66106.0,1706.0,67.908718
CRUS,2023-10-26 15:00:00+00:00,68.05,68.05,67.28,67.82,60389.0,1510.0,67.719163
CRUS,2023-10-26 16:00:00+00:00,67.77,67.84,67.02,67.21,40845.0,1214.0,67.423302
CRUS,2023-10-26 17:00:00+00:00,67.22,67.58,67.1365,67.5,33841.0,996.0,67.342809
CRUS,2023-10-26 18:00:00+00:00,67.48,67.99,67.48,67.99,38866.0,1175.0,67.720121
CRUS,2023-10-26 19:00:00+00:00,68.0,68.05,67.12,67.35,141370.0,3464.0,67.455875
CRUS,2023-10-26 20:00:00+00:00,67.36,67.36,67.36,67.36,51420.0,18.0,67.36
CRUS,2023-10-27 13:00:00+00:00,67.52,67.925,66.65,66.65,27076.0,285.0,67.232594
CRUS,2023-10-27 14:00:00+00:00,66.595,66.7894,66.24,66.335,26777.0,830.0,66.466465
CRUS,2023-10-27 15:00:00+00:00,66.29,66.94,66.29,66.65,48373.0,1107.0,66.553276
CRUS,2023-10-27 16:00:00+00:00,66.6,66.93,66.5,66.5,28939.0,793.0,66.713353
CRUS,2023-10-27 17:00:00+00:00,66.51,66.79,66.27,66.59,54677.0,1134.0,66.464056
CRUS,2023-10-27 18:00:00+00:00,66.515,66.57,66.185,66.475,43814.0,1240.0,66.437157
CRUS,2023-10-27 19:00:00+00:00,66.5,66.535,66.16,66.4,100775.0,3021.0,66.335139
CRUS,2023-10-27 20:00:00+00:00,66.34,66.34,66.34,66.34,54528.0,33.0,66.34
CRUS,2023-10-30 12:00:00+00:00,66.13,66.13,66.13,66.13,160.0,5.0,66.1245
CRUS,2023-10-30 13:00:00+00:00,66.18,66.215,65.37,66.02,26383.0,393.0,65.928908
CRUS,2023-10-30 14:00:00+00:00,65.95,66.01,65.34,65.97,64925.0,1610.0,65.624997
CRUS,2023-10-30 15:00:00+00:00,66.01,66.145,65.71,65.995,29889.0,862.0,65.925051
CRUS,2023-10-30 16:00:00+00:00,66.02,66.035,65.0177,65.505,91679.0,1398.0,65.513457
CRUS,2023-10-30 17:00:00+00:00,65.51,65.875,65.46,65.875,65476.0,947.0,65.605674
CRUS,2023-10-30 18:00:00+00:00,65.85,66.07,65.635,65.951,34847.0,896.0,65.843581
CRUS,2023-10-30 19:00:00+00:00,65.9501,66.18,65.855,65.98,111109.0,3045.0,66.002485
CRUS,2023-10-30 20:00:00+00:00,66.01,66.01,66.01,66.01,75378.0,27.0,66.01
CRUS,2023-10-31 13:00:00+00:00,66.18,66.425,65.9318,66.27,30463.0,478.0,66.23491
CRUS,2023-10-31 14:00:00+00:00,66.265,66.78,65.695,66.78,86090.0,1801.0,66.199827
CRUS,2023-10-31 15:00:00+00:00,66.8,67.1025,66.61,66.84,70375.0,1262.0,66.788072
CRUS,2023-10-31 16:00:00+00:00,66.845,67.28,66.72,67.28,104059.0,1912.0,67.026789
CRUS,2023-10-31 17:00:00+00:00,67.3,67.4,67.035,67.2101,78791.0,2013.0,67.214787
CRUS,2023-10-31 18:00:00+00:00,67.265,67.31,66.95,67.06,67632.0,1755.0,67.134229
CRUS,2023-10-31 19:00:00+00:00,67.085,67.25,66.85,66.93,161439.0,4096.0,67.000359
CRUS,2023-10-31 20:00:00+00:00,66.93,66.93,66.93,66.93,57042.0,29.0,66.93
CRUS,2023-11-01 09:00:00+00:00,66.94,67.43,66.94,67.43,704.0,7.0,67.077329
CRUS,2023-11-01 10:00:00+00:00,68.44,68.44,68.39,68.42,700.0,4.0,68.4195
CRUS,2023-11-01 12:00:00+00:00,68.72,69.0,68.71,68.71,1073.0,9.0,68.790252
CRUS,2023-11-01 13:00:00+00:00,68.9,69.82,67.87,68.01,121341.0,1693.0,68.869984
CRUS,2023-11-01 14:00:00+00:00,68.0,68.05,66.72,66.75,144640.0,3576.0,67.456864
CRUS,2023-11-01 15:00:00+00:00,66.81,66.965,66.29,66.67,191692.0,2573.0,66.57568
CRUS,2023-11-01 16:00:00+00:00,66.7397,67.05,66.48,66.67,57270.0,1684.0,66.734289
CRUS,2023-11-01 17:00:00+00:00,66.61,66.89,66.555,66.625,50369.0,1488.0,66.673938
CRUS,2023-11-01 18:00:00+00:00,66.65,67.53,66.2015,67.35,134648.0,3004.0,66.80564
CRUS,2023-11-01 19:00:00+00:00,67.3532,67.95,67.3,67.93,329526.0,6081.0,67.693105
CRUS,2023-11-01 20:00:00+00:00,67.94,67.94,67.94,67.94,104169.0,22.0,67.94
CRUS,2023-11-02 13:00:00+00:00,69.47,70.61,68.34,68.98,63243.0,606.0,69.063201
CRUS,2023-11-02 14:00:00+00:00,68.98,69.195,68.21,69.06,55866.0,1754.0,68.713791
CRUS,2023-11-02 15:00:00+00:00,69.05,69.2,68.85,68.96,61107.0,1961.0,69.007708
CRUS,2023-11-02 16:00:00+00:00,68.97,69.025,68.475,68.925,146312.0,2946.0,68.645296
CRUS,2023-11-02 17:00:00+00:00,68.925,69.86,68.77,69.83,125606.0,1869.0,69.224155
CRUS,2023-11-02 18:00:00+00:00,69.83,70.21,69.73,70.11,105998.0,2535.0,69.988612
CRUS,2023-11-02 19:00:00+00:00,70.09,70.43,69.94,70.41,283636.0,6384.0,70.200585
CRUS,2023-11-02 20:00:00+00:00,70.37,71.0,70.37,70.37,126314.0,43.0,70.375035
CRUS,2023-11-02 21:00:00+00:00,71.0,71.0,71.0,71.0,200.0,5.0,71.0028
CRUS,2023-11-03 13:00:00+00:00,68.0,70.065,65.077,69.83,100933.0,1528.0,68.292844
CRUS,2023-11-03 14:00:00+00:00,69.89,70.29,68.71,69.093,131934.0,2848.0,69.582919
CRUS,2023-11-03 15:00:00+00:00,69.19,70.13,69.19,69.99,184900.0,3658.0,69.702984
CRUS,2023-11-03 16:00:00+00:00,70.01,70.02,69.32,69.46,76607.0,1781.0,69.732613
CRUS,2023-11-03 17:00:00+00:00,69.46,69.7789,68.92,69.475,81195.0,1869.0,69.387634
CRUS,2023-11-03 18:00:00+00:00,69.43,69.8,68.87,69.75,113900.0,2547.0,69.387152
CRUS,2023-11-03 19:00:00+00:00,69.75,70.73,69.61,70.57,408577.0,8146.0,70.282307
CRUS,2023-11-03 20:00:00+00:00,70.59,70.59,70.56,70.56,92146.0,37.0,70.560065
CRUS,2023-11-06 14:00:00+00:00,69.96,71.2,69.9,70.41,61419.0,471.0,70.384477
CRUS,2023-11-06 15:00:00+00:00,70.45,71.31,70.28,71.31,101327.0,1845.0,70.703889
CRUS,2023-11-06 16:00:00+00:00,71.28,71.99,71.2,71.92,72728.0,2003.0,71.576501
CRUS,2023-11-06 17:00:00+00:00,71.955,72.08,71.605,72.04,70595.0,1813.0,71.841352
CRUS,2023-11-06 18:00:00+00:00,72.05,72.52,71.61,72.5,97741.0,2203.0,72.023973
CRUS,2023-11-06 19:00:00+00:00,72.515,72.98,72.41,72.98,104430.0,2852.0,72.69469
CRUS,2023-11-06 20:00:00+00:00,72.955,73.44,72.67,73.04,255335.0,6227.0,73.076105
CRUS,2023-11-06 21:00:00+00:00,73.05,73.05,73.05,73.05,94604.0,23.0,73.05
CRUS,2023-11-07 14:00:00+00:00,72.37,73.24,72.21,73.24,23746.0,356.0,72.586336
CRUS,2023-11-07 15:00:00+00:00,73.16,74.0,73.07,73.85,64020.0,1740.0,73.494357
CRUS,2023-11-07 16:00:00+00:00,73.84,74.0,73.21,73.45,68684.0,1667.0,73.715129
CRUS,2023-11-07 17:00:00+00:00,73.46,73.46,72.99,73.285,59999.0,1515.0,73.232352
CRUS,2023-11-07 18:00:00+00:00,73.245,73.31,72.88,72.96,51337.0,1433.0,73.077208
CRUS,2023-11-07 19:00:00+00:00,72.963,73.03,72.58,72.705,50325.0,1413.0,72.855428
CRUS,2023-11-07 20:00:00+00:00,72.71,72.87,72.45,72.61,168698.0,4323.0,72.597991
CRUS,2023-11-07 21:00:00+00:00,72.57,72.57,72.57,72.57,82580.0,25.0,72.57
CRUS,2023-11-08 14:00:00+00:00,73.0,73.12,72.51,72.805,19719.0,281.0,72.913648
CRUS,2023-11-08 15:00:00+00:00,72.75,72.75,71.975,72.35,41305.0,1300.0,72.353574
CRUS,2023-11-08 16:00:00+00:00,72.325,72.395,72.02,72.05,53958.0,1409.0,72.177854
CRUS,2023-11-08 17:00:00+00:00,72.04,72.04,71.475,71.73,57772.0,1552.0,71.693629
CRUS,2023-11-08 18:00:00+00:00,71.73,71.93,71.68,71.84,40621.0,1239.0,71.774766
CRUS,2023-11-08 19:00:00+00:00,71.875,72.0,71.64,71.65,54476.0,1746.0,71.851683
CRUS,2023-11-08 20:00:00+00:00,71.66,72.05,71.405,72.02,170100.0,4751.0,71.729971
CRUS,2023-11-08 21:00:00+00:00,72.03,72.03,72.03,72.03,101971.0,25.0,72.03
CRUS,2023-11-09 14:00:00+00:00,72.37,72.4429,71.15,71.9175,14461.0,267.0,71.860344
CRUS,2023-11-09 15:00:00+00:00,71.89,71.89,71.32,71.54,33931.0,1037.0,71.630081
CRUS,2023-11-09 16:00:00+00:00,71.46,71.53,71.015,71.325,28290.0,876.0,71.289997
CRUS,2023-11-09 17:00:00+00:00,71.32,71.36,70.74,70.82,47475.0,1463.0,71.007832
CRUS,2023-11-09 18:00:00+00:00,70.83,70.83,70.12,70.19,48431.0,1436.0,70.431353
CRUS,2023-11-09 19:00:00+00:00,70.18,70.23,69.9,69.9,49309.0,1611.0,70.032262
CRUS,2023-11-09 20:00:00+00:00,69.89,69.935,69.23,69.42,163565.0,4616.0,69.475784
CRUS,2023-11-09 21:00:00+00:00,69.41,69.41,69.39,69.39,100413.0,33.0,69.390041
CRUS,2023-11-09 22:00:00+00:00,70.0,70.0,70.0,70.0,102.0,2.0,70.000196
CRUS,2023-11-10 14:00:00+00:00,70.43,71.33,70.0,71.075,41217.0,528.0,70.829551
CRUS,2023-11-10 15:00:00+00:00,71.17,71.65,70.79,71.635,34083.0,1055.0,71.310019
CRUS,2023-11-10 16:00:00+00:00,71.74,72.6779,71.74,72.6779,38240.0,1177.0,72.319765
CRUS,2023-11-10 17:00:00+00:00,72.58,73.49,72.58,73.19,41598.0,1085.0,72.978142
CRUS,2023-11-10 18:00:00+00:00,73.14,73.7275,73.125,73.59,44652.0,1127.0,73.49335
CRUS,2023-11-10 19:00:00+00:00,73.575,73.79,73.16,73.16,39311.0,1234.0,73.543184
CRUS,2023-11-10 20:00:00+00:00,73.23,73.45,72.96,73.03,133632.0,3567.0,73.146526
CRUS,2023-11-10 21:00:00+00:00,73.03,73.03,73.03,73.03,68789.0,31.0,73.029988
CRUS,2023-11-13 14:00:00+00:00,72.39,72.76,71.93,72.09,15700.0,291.0,72.27213
CRUS,2023-11-13 15:00:00+00:00,72.03,72.46,71.875,71.94,45503.0,1180.0,72.139691
CRUS,2023-11-13 16:00:00+00:00,71.99,72.275,71.72,72.215,49273.0,1151.0,72.054435
CRUS,2023-11-13 17:00:00+00:00,72.24,72.24,71.6,71.73,50278.0,1251.0,71.855519
CRUS,2023-11-13 18:00:00+00:00,71.735,72.23,71.62,72.225,54360.0,1381.0,71.882724
CRUS,2023-11-13 19:00:00+00:00,72.22,72.42,72.195,72.415,64371.0,1625.0,72.314256
CRUS,2023-11-13 20:00:00+00:00,72.37,72.58,72.11,72.13,188340.0,3833.0,72.326877
CRUS,2023-11-13 21:00:00+00:00,72.16,72.16,72.16,72.16,64934.0,30.0,72.16
CRUS,2023-11-13 22:00:00+00:00,71.61,72.13,71.6,72.13,800.0,10.0,71.691413
CRUS,2023-11-14 14:00:00+00:00,73.68,74.48,73.68,74.32,13761.0,142.0,74.125349
CRUS,2023-11-14 15:00:00+00:00,74.4,74.79,74.21,74.6,38703.0,891.0,74.535395
CRUS,2023-11-14 16:00:00+00:00,74.62,74.765,74.44,74.48,27300.0,894.0,74.619568
CRUS,2023-11-14 17:00:00+00:00,74.455,74.82,74.43,74.775,37651.0,1053.0,74.59582
CRUS,2023-11-14 18:00:00+00:00,74.74,74.9328,74.59,74.82,40285.0,1041.0,74.778525
CRUS,2023-11-14 19:00:00+00:00,74.85,74.88,74.4764,74.505,40673.0,1244.0,74.63251
CRUS,2023-11-14 20:00:00+00:00,74.51,75.02,74.44,75.02,143858.0,3702.0,74.894053
CRUS,2023-11-14 21:00:00+00:00,75.01,75.01,75.01,75.01,64181.0,29.0,75.01
CRUS,2023-11-15 14:00:00+00:00,75.54,76.18,75.0,75.93,23083.0,266.0,75.930287
CRUS,2023-11-15 15:00:00+00:00,75.98,76.76,75.98,76.715,20522.0,706.0,76.496635
CRUS,2023-11-15 16:00:00+00:00,76.745,76.89,76.12,76.165,24706.0,824.0,76.508618
CRUS,2023-11-15 17:00:00+00:00,76.21,76.29,75.86,75.86,30402.0,968.0,76.06669
CRUS,2023-11-15 18:00:00+00:00,75.86,76.02,75.635,75.84,57521.0,1538.0,75.83143
CRUS,2023-11-15 19:00:00+00:00,75.88,75.98,75.59,75.87,46565.0,1467.0,75.847344
CRUS,2023-11-15 20:00:00+00:00,75.83,76.0,75.71,75.9,109009.0,3105.0,75.86874
CRUS,2023-11-15 21:00:00+00:00,75.91,75.91,75.91,75.91,55718.0,32.0,75.91
CRUS,2023-11-16 14:00:00+00:00,75.3,75.87,75.04,75.2,19986.0,412.0,75.475505
CRUS,2023-11-16 15:00:00+00:00,75.09,75.54,74.86,75.26,39807.0,1108.0,75.156535
CRUS,2023-11-16 16:00:00+00:00,75.24,75.4027,74.97,75.37,35938.0,965.0,75.24758
CRUS,2023-11-16 17:00:00+00:00,75.32,75.82,75.26,75.6,21460.0,583.0,75.554052
CRUS,2023-11-16 18:00:00+00:00,75.55,75.62,75.39,75.57,22522.0,682.0,75.496527
CRUS,2023-11-16 19:00:00+00:00,75.685,75.99,75.68,75.8307,23406.0,834.0,75.795249
CRUS,2023-11-16 20:00:00+00:00,75.85,75.95,75.635,75.81,98966.0,2703.0,75.803477
CRUS,2023-11-16 21:00:00+00:00,75.82,75.82,75.82,75.82,67132.0,28.0,75.82
CRUS,2023-11-17 14:00:00+00:00,75.82,76.77,75.82,76.34,12551.0,193.0,76.271511
CRUS,2023-11-17 15:00:00+00:00,76.29,76.29,75.775,76.165,27239.0,718.0,76.094986
CRUS,2023-11-17 16:00:00+00:00,76.09,76.15,75.8,76.09,21327.0,714.0,75.99462
CRUS,2023-11-17 17:00:00+00:00,76.08,76.144,75.93,76.06,20633.0,816.0,76.023627
CRUS,2023-11-17 18:00:00+00:00,76.1,76.19,75.82,75.88,35690.0,1343.0,75.954041
CRUS,2023-11-17 19:00:00+00:00,75.89,76.09,75.81,76.0,74258.0,1443.0,75.940106
CRUS,2023-11-17 20:00:00+00:00,75.99,76.19,75.56,75.57,118525.0,3443.0,75.824534
CRUS,2023-11-17 21:00:00+00:00,75.62,75.62,75.62,75.62,70848.0,36.0,75.62
CRUS,2023-11-20 14:00:00+00:00,75.65,75.8611,75.41,75.7,7251.0,156.0,75.619624
CRUS,2023-11-20 15:00:00+00:00,75.87,76.3599,75.74,76.3599,35068.0,949.0,75.953567
CRUS,2023-11-20 16:00:00+00:00,76.315,76.335,76.05,76.05,18510.0,666.0,76.227846
CRUS,2023-11-20 17:00:00+00:00,75.98,76.19,75.88,76.05,27402.0,888.0,76.021045
CRUS,2023-11-20 18:00:00+00:00,76.03,76.66,76.0,76.6,40198.0,1108.0,76.32638
CRUS,2023-11-20 19:00:00+00:00,76.57,76.69,76.47,76.69,41243.0,1311.0,76.567789
CRUS,2023-11-20 20:00:00+00:00,76.68,76.69,76.31,76.47,186161.0,4659.0,76.476503
CRUS,2023-11-20 21:00:00+00:00,76.49,76.49,76.49,76.49,50508.0,21.0,76.49
CRUS,2023-11-21 14:00:00+00:00,75.51,75.69,75.115,75.445,30507.0,467.0,75.399945
CRUS,2023-11-21 15:00:00+00:00,75.4,75.79,75.365,75.38,29388.0,1023.0,75.536056
CRUS,2023-11-21 16:00:00+00:00,75.38,75.49,74.895,75.09,46691.0,1309.0,75.252434
CRUS,2023-11-21 17:00:00+00:00,75.06,75.295,74.93,75.14,30074.0,922.0,75.049971
CRUS,2023-11-21 18:00:00+00:00,75.155,75.16,74.8,74.99,30734.0,917.0,74.944309
CRUS,2023-11-21 19:00:00+00:00,75.055,75.285,74.92,75.24,44354.0,1297.0,75.07934
CRUS,2023-11-21 20:00:00+00:00,75.26,75.71,75.12,75.68,140376.0,3710.0,75.492796
CRUS,2023-11-21 21:00:00+00:00,75.67,75.67,75.67,75.67,73577.0,22.0,75.67
CRUS,2023-11-22 14:00:00+00:00,76.26,77.36,75.88,76.75,16190.0,311.0,76.776668
CRUS,2023-11-22 15:00:00+00:00,76.8,77.035,76.2,76.84,46354.0,1267.0,76.73491
CRUS,2023-11-22 16:00:00+00:00,76.795,77.24,76.77,77.2,36302.0,1019.0,76.990119
CRUS,2023-11-22 17:00:00+00:00,77.25,77.32,76.905,77.05,32286.0,937.0,77.126324
CRUS,2023-11-22 18:00:00+00:00,77.09,77.14,76.54,76.72,48420.0,1440.0,76.753209
CRUS,2023-11-22 19:00:00+00:00,76.77,76.84,76.08,76.155,83070.0,2100.0,76.367551
CRUS,2023-11-22 20:00:00+00:00,76.16,76.38,75.76,75.86,139765.0,3859.0,75.986098
CRUS,2023-11-22 21:00:00+00:00,75.85,75.85,75.85,75.85,58427.0,22.0,75.85
CRUS,2023-11-24 14:00:00+00:00,75.78,76.73,75.54,76.69,18836.0,409.0,76.378658
CRUS,2023-11-24 15:00:00+00:00,76.71,77.34,76.6,77.115,53851.0,1470.0,77.058672
CRUS,2023-11-24 16:00:00+00:00,77.1,77.1,76.75,76.845,45242.0,1421.0,76.942797
CRUS,2023-11-24 17:00:00+00:00,76.89,77.06,76.16,76.16,74098.0,2168.0,76.533098
CRUS,2023-11-24 18:00:00+00:00,76.24,76.24,76.24,76.24,25107.0,7.0,76.24
CRUS,2023-11-27 14:00:00+00:00,76.01,76.01,75.5446,75.9,14943.0,278.0,75.869293
CRUS,2023-11-27 15:00:00+00:00,75.91,76.65,75.85,76.64,41575.0,1214.0,76.27343
CRUS,2023-11-27 16:00:00+00:00,76.6,76.84,76.47,76.62,49843.0,1341.0,76.61125
CRUS,2023-11-27 17:00:00+00:00,76.635,76.98,76.59,76.91,40348.0,1181.0,76.79469
CRUS,2023-11-27 18:00:00+00:00,76.955,77.14,76.68,76.78,57959.0,1283.0,76.949258
CRUS,2023-11-27 19:00:00+00:00,76.83,76.87,76.63,76.825,42826.0,1412.0,76.7551
CRUS,2023-11-27 20:00:00+00:00,76.82,77.045,76.545,76.87,134262.0,4106.0,76.818232
CRUS,2023-11-27 21:00:00+00:00,76.87,76.87,76.87,76.87,67230.0,16.0,76.87
CRUS,2023-11-28 14:00:00+00:00,76.4,76.75,76.225,76.475,20323.0,388.0,76.473746
CRUS,2023-11-28 15:00:00+00:00,76.54,77.22,76.54,76.97,33509.0,1008.0,76.897643
CRUS,2023-11-28 16:00:00+00:00,76.97,77.22,76.9342,77.1,28685.0,931.0,77.087468
CRUS,2023-11-28 17:00:00+00:00,77.17,77.17,76.625,76.78,45288.0,932.0,76.976708
CRUS,2023-11-28 18:00:00+00:00,76.75,76.83,76.436,76.436,33816.0,958.0,76.602239
CRUS,2023-11-28 19:00:00+00:00,76.45,76.825,76.315,76.64,70821.0,2104.0,76.531897
CRUS,2023-11-28 20:00:00+00:00,76.65,77.03,76.33,76.99,142220.0,4473.0,76.678881
CRUS,2023-11-28 21:00:00+00:00,76.98,76.98,76.98,76.98,60936.0,18.0,76.98
CRUS,2023-11-29 14:00:00+00:00,77.79,78.5978,77.79,78.3017,28259.0,373.0,78.284716
CRUS,2023-11-29 15:00:00+00:00,78.33,78.34,77.715,78.095,19671.0,720.0,77.927143
CRUS,2023-11-29 16:00:00+00:00,78.08,78.08,77.28,77.36,26410.0,971.0,77.502544
CRUS,2023-11-29 17:00:00+00:00,77.36,77.46,77.11,77.11,46453.0,1295.0,77.293706
CRUS,2023-11-29 18:00:00+00:00,77.085,77.11,76.79,77.0,32350.0,1033.0,76.936799
CRUS,2023-11-29 19:00:00+00:00,77.06,77.21,76.91,77.02,45732.0,943.0,76.999768
CRUS,2023-11-29 20:00:00+00:00,77.0,77.155,76.52,76.68,101090.0,2941.0,76.820869
CRUS,2023-11-29 21:00:00+00:00,76.67,76.67,76.67,76.67,89810.0,20.0,76.67
CRUS,2023-11-30 14:00:00+00:00,76.92,76.92,76.135,76.4,4767.0,134.0,76.502815
CRUS,2023-11-30 15:00:00+00:00,76.34,76.34,75.22,75.6,22605.0,925.0,75.598153
CRUS,2023-11-30 16:00:00+00:00,75.55,75.59,75.01,75.01,20059.0,720.0,75.321484
CRUS,2023-11-30 17:00:00+00:00,74.97,75.31,74.97,75.2,18779.0,642.0,75.113707
CRUS,2023-11-30 18:00:00+00:00,75.2,75.205,74.83,75.07,24405.0,901.0,75.025266
CRUS,2023-11-30 19:00:00+00:00,75.09,75.4275,74.96,75.275,37555.0,1348.0,75.134778
CRUS,2023-11-30 20:00:00+00:00,75.23,75.95,74.99,75.909,171959.0,4027.0,75.450347
CRUS,2023-11-30 21:00:00+00:00,75.91,75.91,75.907,75.91,187063.0,33.0,75.91
CRUS,2023-12-01 14:00:00+00:00,75.93,76.27,75.63,76.24,17271.0,333.0,75.862624
CRUS,2023-12-01 15:00:00+00:00,76.45,76.5,75.5,75.575,21228.0,659.0,75.975933
CRUS,2023-12-01 16:00:00+00:00,75.44,76.22,75.44,75.905,44991.0,1393.0,75.952719
CRUS,2023-12-01 17:00:00+00:00,75.85,75.85,75.31,75.67,57718.0,1657.0,75.617802
CRUS,2023-12-01 18:00:00+00:00,75.625,75.66,75.385,75.445,34339.0,1167.0,75.505779
CRUS,2023-12-01 19:00:00+00:00,75.49,75.55,75.3,75.505,44672.0,1490.0,75.451237
CRUS,2023-12-01 20:00:00+00:00,75.56,76.25,75.56,76.14,88178.0,2665.0,76.026185
CRUS,2023-12-01 21:00:00+00:00,76.18,76.18,76.18,76.18,57708.0,23.0,76.18
CRUS,2023-12-04 14:00:00+00:00,75.77,76.51,75.7594,76.365,59979.0,338.0,75.935051
CRUS,2023-12-04 15:00:00+00:00,76.16,76.63,75.61,75.635,47446.0,1303.0,76.071876
CRUS,2023-12-04 16:00:00+00:00,75.67,76.165,75.57,76.085,14981.0,716.0,75.893613
CRUS,2023-12-04 17:00:00+00:00,76.15,76.925,76.11,76.925,15678.0,701.0,76.502984
CRUS,2023-12-04 18:00:00+00:00,76.87,76.87,76.41,76.71,23616.0,1116.0,76.677635
CRUS,2023-12-04 19:00:00+00:00,76.67,76.85,76.48,76.625,27300.0,1222.0,76.655564
CRUS,2023-12-04 20:00:00+00:00,76.65,77.19,76.42,77.06,77969.0,3081.0,76.91195
CRUS,2023-12-04 21:00:00+00:00,77.02,77.02,77.02,77.02,58977.0,27.0,77.019919
CRUS,2023-12-05 14:00:00+00:00,76.38,76.38,75.8,76.22,7470.0,168.0,76.186284
CRUS,2023-12-05 15:00:00+00:00,76.33,77.05,76.33,76.975,66390.0,937.0,76.594924
CRUS,2023-12-05 16:00:00+00:00,76.9,77.285,76.74,76.81,30799.0,1156.0,76.980823
CRUS,2023-12-05 17:00:00+00:00,76.94,76.99,76.59,76.89,42635.0,1475.0,76.754096
CRUS,2023-12-05 18:00:00+00:00,76.91,77.48,76.8625,77.48,46263.0,1619.0,77.175303
CRUS,2023-12-05 19:00:00+00:00,77.5,77.78,77.28,77.78,53616.0,1958.0,77.5376
CRUS,2023-12-05 20:00:00+00:00,77.735,78.26,77.53,78.12,177626.0,4843.0,77.937541
CRUS,2023-12-05 21:00:00+00:00,78.1,78.1,78.1,78.1,62360.0,27.0,78.100029
CRUS,2023-12-06 00:00:00+00:00,78.95,78.95,78.95,78.95,200.0,2.0,78.95
CRUS,2023-12-06 14:00:00+00:00,78.86,79.12,78.3101,79.096,14500.0,362.0,78.74172
CRUS,2023-12-06 15:00:00+00:00,78.99,79.395,78.6774,79.11,29027.0,1025.0,79.055552
CRUS,2023-12-06 16:00:00+00:00,79.115,79.22,78.64,78.82,23393.0,840.0,78.90747
CRUS,2023-12-06 17:00:00+00:00,78.67,78.82,78.075,78.13,14865.0,590.0,78.49855
CRUS,2023-12-06 18:00:00+00:00,78.135,78.475,78.095,78.32,49145.0,883.0,78.306598
CRUS,2023-12-06 19:00:00+00:00,78.345,78.38,77.85,77.92,20655.0,850.0,78.195522
CRUS,2023-12-06 20:00:00+00:00,77.84,77.88,77.44,77.755,55580.0,2515.0,77.64585
CRUS,2023-12-06 21:00:00+00:00,77.73,77.73,77.73,77.73,64948.0,21.0,77.73
CRUS,2023-12-07 14:00:00+00:00,77.98,78.2774,77.4588,78.2774,33287.0,149.0,77.865963
CRUS,2023-12-07 15:00:00+00:00,78.26,78.46,77.94,78.27,15084.0,557.0,78.223456
CRUS,2023-12-07 16:00:00+00:00,78.3,78.353,77.54,77.575,15098.0,488.0,77.803004
CRUS,2023-12-07 17:00:00+00:00,77.65,78.075,77.65,78.05,15346.0,658.0,77.888099
CRUS,2023-12-07 18:00:00+00:00,78.09,78.24,78.02,78.14,13181.0,510.0,78.116097
CRUS,2023-12-07 19:00:00+00:00,78.18,78.51,78.1,78.1,16737.0,766.0,78.243444
CRUS,2023-12-07 20:00:00+00:00,78.14,78.59,78.05,78.53,82719.0,3040.0,78.345916
CRUS,2023-12-07 21:00:00+00:00,78.56,78.56,78.56,78.56,61114.0,23.0,78.56
CRUS,2023-12-08 14:00:00+00:00,78.52,79.29,78.52,79.29,7745.0,122.0,78.939953
CRUS,2023-12-08 15:00:00+00:00,79.36,79.81,79.195,79.275,18835.0,747.0,79.483973
CRUS,2023-12-08 16:00:00+00:00,79.27,79.27,78.59,78.73,15409.0,595.0,78.852397
CRUS,2023-12-08 17:00:00+00:00,78.735,78.83,78.5,78.655,15252.0,595.0,78.668896
CRUS,2023-12-08 18:00:00+00:00,78.655,78.84,78.645,78.76,16917.0,596.0,78.745332
CRUS,2023-12-08 19:00:00+00:00,78.71,78.975,78.665,78.89,15549.0,731.0,78.812855
CRUS,2023-12-08 20:00:00+00:00,78.845,78.845,78.5,78.52,60984.0,2531.0,78.638818
CRUS,2023-12-08 21:00:00+00:00,78.53,78.53,78.53,78.53,66884.0,18.0,78.53
CRUS,2023-12-11 14:00:00+00:00,78.72,79.19,78.59,79.14,13527.0,447.0,78.813302
CRUS,2023-12-11 15:00:00+00:00,79.1,79.915,79.055,79.76,45062.0,824.0,79.532796
CRUS,2023-12-11 16:00:00+00:00,79.94,80.265,79.74,80.19,23553.0,771.0,80.012416
CRUS,2023-12-11 17:00:00+00:00,80.22,80.77,80.165,80.7,18753.0,760.0,80.517443
CRUS,2023-12-11 18:00:00+00:00,80.65,81.24,80.63,81.175,29941.0,1129.0,80.964575
CRUS,2023-12-11 19:00:00+00:00,81.19,81.3,81.02,81.03,26803.0,1155.0,81.142965
CRUS,2023-12-11 20:00:00+00:00,81.015,81.555,80.99,81.38,90551.0,3530.0,81.344396
CRUS,2023-12-11 21:00:00+00:00,81.39,81.39,81.39,81.39,34381.0,11.0,81.389999
CRUS,2023-12-12 14:00:00+00:00,81.18,81.225,80.7191,80.84,8135.0,136.0,80.947813
CRUS,2023-12-12 15:00:00+00:00,80.86,80.86,80.325,80.43,27399.0,1014.0,80.556145
CRUS,2023-12-12 16:00:00+00:00,80.46,80.5,80.12,80.13,18009.0,695.0,80.258098
CRUS,2023-12-12 17:00:00+00:00,80.03,80.23,79.88,80.13,18766.0,653.0,80.044684
CRUS,2023-12-12 18:00:00+00:00,80.13,80.42,80.1025,80.355,19144.0,630.0,80.255563
CRUS,2023-12-12 19:00:00+00:00,80.31,80.34,80.01,80.095,34121.0,1263.0,80.157136
CRUS,2023-12-12 20:00:00+00:00,80.09,80.205,79.85,80.19,86991.0,2600.0,80.032527
CRUS,2023-12-12 21:00:00+00:00,80.16,80.16,80.16,80.16,61781.0,18.0,80.16
CRUS,2023-12-13 13:00:00+00:00,80.67,80.67,80.67,80.67,100.0,1.0,80.67
CRUS,2023-12-13 14:00:00+00:00,80.31,80.95,79.86,80.06,53984.0,163.0,80.428162
CRUS,2023-12-13 15:00:00+00:00,80.21,80.29,79.58,79.78,17933.0,683.0,79.931031
CRUS,2023-12-13 16:00:00+00:00,79.805,79.825,79.53,79.57,11812.0,470.0,79.70462
CRUS,2023-12-13 17:00:00+00:00,79.5875,79.63,79.41,79.505,9235.0,422.0,79.532574
CRUS,2023-12-13 18:00:00+00:00,79.48,79.96,79.38,79.945,26588.0,821.0,79.634315
CRUS,2023-12-13 19:00:00+00:00,80.01,81.18,80.01,81.16,29839.0,1066.0,80.725713
CRUS,2023-12-13 20:00:00+00:00,81.21,81.465,80.53,81.31,106261.0,2868.0,81.14606
CRUS,2023-12-13 21:00:00+00:00,81.29,81.29,81.29,81.29,75660.0,9.0,81.29
CRUS,2023-12-14 14:00:00+00:00,82.18,84.46,82.04,84.12,46785.0,577.0,83.528411
CRUS,2023-12-14 15:00:00+00:00,84.15,84.24,83.26,83.92,31333.0,943.0,83.669877
CRUS,2023-12-14 16:00:00+00:00,83.905,84.24,83.75,84.21,35069.0,958.0,83.953057
CRUS,2023-12-14 17:00:00+00:00,84.24,84.58,84.16,84.5,28808.0,1011.0,84.314492
CRUS,2023-12-14 18:00:00+00:00,84.21,84.49,84.045,84.26,25757.0,998.0,84.302876
CRUS,2023-12-14 19:00:00+00:00,84.18,84.93,84.18,84.93,32621.0,1230.0,84.603982
CRUS,2023-12-14 20:00:00+00:00,84.86,85.09,84.705,85.08,91395.0,3135.0,84.919445
CRUS,2023-12-14 21:00:00+00:00,85.02,85.02,85.02,85.02,98107.0,24.0,85.02
CRUS,2023-12-15 14:00:00+00:00,85.02,85.83,84.24,84.35,47254.0,250.0,85.276963
CRUS,2023-12-15 15:00:00+00:00,84.49,85.04,84.44,84.98,27090.0,1089.0,84.726125
CRUS,2023-12-15 16:00:00+00:00,84.83,84.935,84.07,84.15,24158.0,931.0,84.331832
CRUS,2023-12-15 17:00:00+00:00,84.15,84.15,83.735,84.02,27726.0,1107.0,83.935911
CRUS,2023-12-15 18:00:00+00:00,84.03,84.33,83.66,83.82,19703.0,813.0,84.046441
CRUS,2023-12-15 19:00:00+00:00,83.745,83.95,83.615,83.84,24138.0,1094.0,83.803306
CRUS,2023-12-15 20:00:00+00:00,83.84,84.0,83.38,83.815,66302.0,2725.0,83.760544
CRUS,2023-12-15 21:00:00+00:00,83.81,83.81,83.81,83.81,362817.0,42.0,83.810011
CRUS,2023-12-18 14:00:00+00:00,83.81,83.81,82.43,82.7,12051.0,349.0,82.912464
CRUS,2023-12-18 15:00:00+00:00,82.61,83.03,82.5,82.69,25357.0,789.0,82.805861
CRUS,2023-12-18 16:00:00+00:00,82.62,83.0,82.46,82.785,17447.0,642.0,82.731463
CRUS,2023-12-18 17:00:00+00:00,82.8,83.115,82.72,82.95,17319.0,725.0,82.925729
CRUS,2023-12-18 18:00:00+00:00,82.995,83.26,82.895,83.195,17367.0,739.0,83.114833
CRUS,2023-12-18 19:00:00+00:00,83.27,83.58,83.25,83.575,31124.0,820.0,83.36526
CRUS,2023-12-18 20:00:00+00:00,83.53,83.79,83.47,83.47,53075.0,2243.0,83.621368
CRUS,2023-12-18 21:00:00+00:00,83.46,83.46,83.46,83.46,97403.0,32.0,83.46
CRUS,2023-12-19 14:00:00+00:00,83.68,83.69,82.73,83.565,5542.0,140.0,83.555956
CRUS,2023-12-19 15:00:00+00:00,83.555,83.66,83.39,83.53,21859.0,803.0,83.496631
CRUS,2023-12-19 16:00:00+00:00,83.55,83.57,82.93,83.19,32509.0,945.0,83.251561
CRUS,2023-12-19 17:00:00+00:00,83.23,83.65,83.1,83.65,21905.0,770.0,83.424097
CRUS,2023-12-19 18:00:00+00:00,83.645,83.72,83.41,83.54,20124.0,708.0,83.574839
CRUS,2023-12-19 19:00:00+00:00,83.55,84.08,83.5,83.945,33678.0,1040.0,83.786775
CRUS,2023-12-19 20:00:00+00:00,83.96,84.0,83.49,83.78,96868.0,2639.0,83.716103
CRUS,2023-12-19 21:00:00+00:00,83.78,83.78,83.73,83.73,105008.0,18.0,83.730361
CRUS,2023-12-19 22:00:00+00:00,84.18,84.18,84.18,84.18,210.0,1.0,84.18
CRUS,2023-12-20 14:00:00+00:00,83.77,83.8222,83.13,83.29,10663.0,168.0,83.408815
CRUS,2023-12-20 15:00:00+00:00,83.3,84.19,83.105,83.88,23207.0,849.0,83.661907
CRUS,2023-12-20 16:00:00+00:00,83.87,84.025,83.44,83.98,18799.0,668.0,83.705005
CRUS,2023-12-20 17:00:00+00:00,83.97,84.29,83.93,84.1,30055.0,661.0,84.091429
CRUS,2023-12-20 18:00:00+00:00,84.16,84.16,83.35,83.42,19057.0,719.0,83.710936
CRUS,2023-12-20 19:00:00+00:00,83.43,83.53,82.33,82.485,24338.0,876.0,83.057643
CRUS,2023-12-20 20:00:00+00:00,82.38,82.58,81.9,81.94,70117.0,2777.0,82.13789
CRUS,2023-12-20 21:00:00+00:00,81.95,81.95,81.94,81.94,59194.0,21.0,81.949917
CRUS,2023-12-21 14:00:00+00:00,83.17,83.22,83.08,83.18,6064.0,89.0,83.184937
CRUS,2023-12-21 15:00:00+00:00,83.47,83.99,83.19,83.685,23191.0,780.0,83.720342
CRUS,2023-12-21 16:00:00+00:00,83.7725,83.7725,83.21,83.3,16698.0,599.0,83.39382
CRUS,2023-12-21 17:00:00+00:00,83.17,83.33,83.06,83.2,12431.0,494.0,83.184505
CRUS,2023-12-21 18:00:00+00:00,83.25,83.34,83.03,83.17,9291.0,389.0,83.188403
CRUS,2023-12-21 19:00:00+00:00,83.19,83.35,82.96,83.11,25608.0,788.0,83.168537
CRUS,2023-12-21 20:00:00+00:00,83.15,83.84,83.15,83.83,50739.0,1954.0,83.662882
CRUS,2023-12-21 21:00:00+00:00,83.82,83.82,83.82,83.82,28969.0,17.0,83.82
CRUS,2023-12-22 14:00:00+00:00,84.34,84.96,84.0,84.79,8994.0,141.0,84.629044
CRUS,2023-12-22 15:00:00+00:00,84.755,84.755,84.295,84.46,18450.0,585.0,84.51881
CRUS,2023-12-22 16:00:00+00:00,84.35,84.895,84.345,84.895,15205.0,501.0,84.673841
CRUS,2023-12-22 17:00:00+00:00,84.87,85.06,84.6775,84.945,19251.0,458.0,84.865915
CRUS,2023-12-22 18:00:00+00:00,84.93,85.095,84.85,84.8775,11019.0,458.0,84.991551
CRUS,2023-12-22 19:00:00+00:00,84.78,84.78,84.09,84.37,11351.0,538.0,84.393019
CRUS,2023-12-22 20:00:00+00:00,84.28,84.28,84.0,84.08,44882.0,1598.0,84.118288
CRUS,2023-12-22 21:00:00+00:00,84.06,84.06,84.06,84.06,31254.0,14.0,84.06
CRUS,2023-12-26 14:00:00+00:00,84.47,85.17,83.8601,84.28,12965.0,147.0,84.62234
CRUS,2023-12-26 15:00:00+00:00,84.275,84.85,84.245,84.7699,13000.0,315.0,84.664635
CRUS,2023-12-26 16:00:00+00:00,84.675,84.895,84.61,84.85,9086.0,305.0,84.771118
CRUS,2023-12-26 17:00:00+00:00,84.86,85.14,84.85,84.97,17296.0,380.0,84.982204
CRUS,2023-12-26 18:00:00+00:00,84.99,85.02,84.81,84.81,9095.0,406.0,84.939968
CRUS,2023-12-26 19:00:00+00:00,84.855,84.97,84.84,84.92,8883.0,463.0,84.899809
CRUS,2023-12-26 20:00:00+00:00,84.97,85.17,84.55,84.55,67104.0,2307.0,84.83992
CRUS,2023-12-26 21:00:00+00:00,84.55,84.55,84.55,84.55,34868.0,18.0,84.55
CRUS,2023-12-27 14:00:00+00:00,84.89,84.89,84.4064,84.75,2579.0,36.0,84.788981
CRUS,2023-12-27 15:00:00+00:00,84.82,84.84,83.895,83.95,11618.0,476.0,84.204098
CRUS,2023-12-27 16:00:00+00:00,84.005,84.265,83.97,84.255,6594.0,253.0,84.141231
CRUS,2023-12-27 17:00:00+00:00,84.3,84.44,84.23,84.4,11899.0,398.0,84.349678
CRUS,2023-12-27 18:00:00+00:00,84.37,84.61,84.325,84.34,9572.0,385.0,84.465015
CRUS,2023-12-27 19:00:00+00:00,84.24,84.495,84.195,84.395,10440.0,427.0,84.353324
CRUS,2023-12-27 20:00:00+00:00,84.41,84.54,84.29,84.4,48589.0,1773.0,84.393732
CRUS,2023-12-27 21:00:00+00:00,84.38,84.38,84.38,84.38,39495.0,26.0,84.38
CRUS,2023-12-28 14:00:00+00:00,84.31,84.48,83.97,83.98,6268.0,122.0,84.184376
CRUS,2023-12-28 15:00:00+00:00,84.19,84.6394,84.19,84.34,17095.0,468.0,84.442207
CRUS,2023-12-28 16:00:00+00:00,84.33,84.385,83.98,83.98,17326.0,463.0,84.222973
CRUS,2023-12-28 17:00:00+00:00,84.075,84.2675,84.04,84.13,9420.0,358.0,84.173275
CRUS,2023-12-28 18:00:00+00:00,84.06,84.3,83.82,84.28,15770.0,441.0,84.019562
CRUS,2023-12-28 19:00:00+00:00,84.33,84.33,84.16,84.19,18312.0,530.0,84.248966
CRUS,2023-12-28 20:00:00+00:00,84.16,84.38,84.095,84.34,45861.0,1700.0,84.256939
CRUS,2023-12-28 21:00:00+00:00,84.34,84.34,84.34,84.34,34167.0,17.0,84.34
CRUS,2023-12-29 14:00:00+00:00,84.19,84.63,84.09,84.19,7098.0,82.0,84.336573
CRUS,2023-12-29 15:00:00+00:00,84.235,84.465,83.73,83.89,19642.0,662.0,84.276294
CRUS,2023-12-29 16:00:00+00:00,83.81,83.845,83.22,83.565,28489.0,737.0,83.563946
CRUS,2023-12-29 17:00:00+00:00,83.65,83.71,83.32,83.61,20973.0,618.0,83.442562
CRUS,2023-12-29 18:00:00+00:00,83.6,83.67,83.4,83.45,18459.0,510.0,83.543483
CRUS,2023-12-29 19:00:00+00:00,83.455,83.64,83.428,83.485,12146.0,408.0,83.53039
CRUS,2023-12-29 20:00:00+00:00,83.43,83.48,83.15,83.19,66716.0,2109.0,83.305414
CRUS,2023-12-29 21:00:00+00:00,83.19,83.19,83.19,83.19,51233.0,19.0,83.19
CRUS,2024-01-02 14:00:00+00:00,82.4,82.4,81.1,81.6,11321.0,132.0,81.54037
CRUS,2024-01-02 15:00:00+00:00,81.73,82.015,81.56,81.69,21464.0,674.0,81.768595
CRUS,2024-01-02 16:00:00+00:00,81.79,82.1508,81.54,81.965,25330.0,815.0,81.882095
CRUS,2024-01-02 17:00:00+00:00,82.05,82.05,81.385,81.42,19487.0,671.0,81.842825
CRUS,2024-01-02 18:00:00+00:00,81.31,81.75,81.17,81.42,23079.0,855.0,81.532031
CRUS,2024-01-02 19:00:00+00:00,81.51,81.52,81.115,81.39,40337.0,1011.0,81.389498
CRUS,2024-01-02 20:00:00+00:00,81.39,81.7,80.7,81.61,85240.0,2805.0,81.272517
CRUS,2024-01-02 21:00:00+00:00,81.68,81.68,81.68,81.68,58848.0,23.0,81.68
CRUS,2024-01-03 14:00:00+00:00,80.13,81.0536,80.0,80.26,7616.0,165.0,80.223776
CRUS,2024-01-03 15:00:00+00:00,80.28,80.63,79.66,79.98,43592.0,1282.0,79.979205
CRUS,2024-01-03 16:00:00+00:00,79.98,80.26,79.82,79.86,45318.0,1013.0,80.009999
CRUS,2024-01-03 17:00:00+00:00,79.885,80.405,79.75,80.36,46066.0,1153.0,79.98864
CRUS,2024-01-03 18:00:00+00:00,80.33,80.41,80.09,80.22,29499.0,796.0,80.244257
CRUS,2024-01-03 19:00:00+00:00,80.3,80.7,80.04,80.345,29285.0,987.0,80.286923
CRUS,2024-01-03 20:00:00+00:00,80.405,80.405,79.66,80.26,87743.0,3212.0,80.035749
CRUS,2024-01-03 21:00:00+00:00,80.26,80.26,80.26,80.26,64571.0,16.0,80.26
CRUS,2024-01-04 14:00:00+00:00,79.14,79.455,77.9,78.08,27923.0,451.0,78.577289
CRUS,2024-01-04 15:00:00+00:00,78.0,78.66,77.84,78.23,51932.0,940.0,78.279226
CRUS,2024-01-04 16:00:00+00:00,78.21,78.65,78.07,78.23,27683.0,849.0,78.378738
CRUS,2024-01-04 17:00:00+00:00,78.18,78.3994,78.05,78.2744,15750.0,497.0,78.250786
CRUS,2024-01-04 18:00:00+00:00,78.22,78.44,78.01,78.03,14169.0,475.0,78.221416
CRUS,2024-01-04 19:00:00+00:00,77.96,78.27,77.9,78.26,19959.0,770.0,78.048565
CRUS,2024-01-04 20:00:00+00:00,78.31,78.62,77.85,78.225,79144.0,2753.0,78.151864
CRUS,2024-01-04 21:00:00+00:00,78.24,78.24,78.24,78.24,137189.0,28.0,78.24
CRUS,2024-01-05 14:00:00+00:00,78.2,79.1399,78.0,78.6,51835.0,378.0,78.518233
CRUS,2024-01-05 15:00:00+00:00,78.53,79.005,78.25,78.74,69560.0,1745.0,78.690418
CRUS,2024-01-05 16:00:00+00:00,78.75,78.82,77.83,78.22,25610.0,860.0,78.281546
CRUS,2024-01-05 17:00:00+00:00,78.2,78.215,77.7,77.86,15298.0,571.0,77.893726
CRUS,2024-01-05 18:00:00+00:00,77.8899,77.94,77.545,77.74,15438.0,618.0,77.771901
CRUS,2024-01-05 19:00:00+00:00,77.85,77.96,77.26,77.435,24112.0,765.0,77.668971
CRUS,2024-01-05 20:00:00+00:00,77.37,77.82,77.355,77.73,89979.0,2908.0,77.631281
CRUS,2024-01-05 21:00:00+00:00,77.78,77.78,77.78,77.78,247011.0,20.0,77.78
CRUS,2024-01-08 14:00:00+00:00,78.3,79.49,78.3,79.32,12705.0,282.0,78.874007
CRUS,2024-01-08 15:00:00+00:00,79.25,79.91,79.25,79.78,27023.0,670.0,79.692638
CRUS,2024-01-08 16:00:00+00:00,79.745,79.78,79.535,79.7,27490.0,435.0,79.661242
CRUS,2024-01-08 17:00:00+00:00,79.85,80.25,79.77,80.25,16815.0,375.0,80.03081
CRUS,2024-01-08 18:00:00+00:00,80.27,80.75,80.265,80.75,18133.0,550.0,80.439224
CRUS,2024-01-08 19:00:00+00:00,80.6972,80.77,80.5,80.68,23344.0,695.0,80.609208
CRUS,2024-01-08 20:00:00+00:00,80.62,80.86,80.5,80.79,88859.0,2902.0,80.691219
CRUS,2024-01-08 21:00:00+00:00,80.78,80.78,80.78,80.78,67420.0,29.0,80.780074
CRUS,2024-01-09 14:00:00+00:00,79.79,80.36,79.6,80.2,9765.0,212.0,79.955996
CRUS,2024-01-09 15:00:00+00:00,80.11,80.11,79.53,79.82,10158.0,345.0,79.8054
CRUS,2024-01-09 16:00:00+00:00,79.86,80.24,79.73,79.99,8450.0,261.0,80.028936
CRUS,2024-01-09 17:00:00+00:00,80.1,80.1,79.75,79.94,13937.0,468.0,79.961918
CRUS,2024-01-09 18:00:00+00:00,80.045,80.15,79.595,79.68,20345.0,540.0,79.942608
CRUS,2024-01-09 19:00:00+00:00,79.605,79.705,79.13,79.2,15714.0,564.0,79.377899
CRUS,2024-01-09 20:00:00+00:00,79.2,79.405,78.9201,79.37,64499.0,2208.0,79.16398
CRUS,2024-01-09 21:00:00+00:00,79.37,79.37,79.37,79.37,43595.0,20.0,79.37
CRUS,2024-01-10 14:00:00+00:00,79.17,79.17,77.56,78.0,10933.0,185.0,78.357504
CRUS,2024-01-10 15:00:00+00:00,77.73,78.505,77.25,78.27,29782.0,874.0,78.081417
CRUS,2024-01-10 16:00:00+00:00,78.29,78.73,78.26,78.57,27297.0,835.0,78.463339
CRUS,2024-01-10 17:00:00+00:00,78.55,79.24,78.43,79.24,16350.0,491.0,78.882552
CRUS,2024-01-10 18:00:00+00:00,79.205,79.41,79.15,79.33,15441.0,406.0,79.286784
CRUS,2024-01-10 19:00:00+00:00,79.21,79.335,79.03,79.08,19539.0,552.0,79.174162
CRUS,2024-01-10 20:00:00+00:00,79.08,79.44,78.86,79.4,54325.0,1840.0,79.202901
CRUS,2024-01-10 21:00:00+00:00,79.39,79.39,79.39,79.39,51542.0,27.0,79.39
CRUS,2024-01-11 14:00:00+00:00,79.18,79.99,79.18,79.42,7646.0,233.0,79.566927
CRUS,2024-01-11 15:00:00+00:00,79.27,79.4,78.17,78.355,14628.0,538.0,78.444813
CRUS,2024-01-11 16:00:00+00:00,78.385,78.48,77.925,78.235,12443.0,465.0,78.243129
CRUS,2024-01-11 17:00:00+00:00,78.22,78.3825,78.1475,78.32,11110.0,469.0,78.261113
CRUS,2024-01-11 18:00:00+00:00,78.36,78.635,78.24,78.49,15762.0,646.0,78.446772
CRUS,2024-01-11 19:00:00+00:00,78.55,78.71,78.45,78.67,19160.0,740.0,78.619377
CRUS,2024-01-11 20:00:00+00:00,78.66,78.83,78.36,78.73,62445.0,2280.0,78.621731
CRUS,2024-01-11 21:00:00+00:00,78.78,78.78,78.78,78.78,46767.0,17.0,78.78
CRUS,2024-01-12 14:00:00+00:00,79.2,79.43,78.96,79.125,5592.0,117.0,79.208346
CRUS,2024-01-12 15:00:00+00:00,78.76,78.98,78.08,78.225,18446.0,614.0,78.369084
CRUS,2024-01-12 16:00:00+00:00,78.11,78.34,77.85,77.85,11298.0,402.0,78.091287
CRUS,2024-01-12 17:00:00+00:00,77.855,77.99,77.74,77.89,12490.0,510.0,77.858704
CRUS,2024-01-12 18:00:00+00:00,77.82,78.13,77.82,78.03,13352.0,515.0,78.002496
CRUS,2024-01-12 19:00:00+00:00,78.115,78.13,77.89,77.89,17364.0,591.0,78.006761
CRUS,2024-01-12 20:00:00+00:00,77.865,78.185,77.8,78.14,58443.0,1914.0,78.064058
CRUS,2024-01-12 21:00:00+00:00,78.17,78.17,78.17,78.17,44495.0,18.0,78.17
CRUS,2024-01-16 12:00:00+00:00,78.79,78.79,78.79,78.79,117.0,6.0,78.835214
CRUS,2024-01-16 14:00:00+00:00,78.06,78.18,76.885,77.53,30366.0,395.0,77.832767
CRUS,2024-01-16 15:00:00+00:00,77.605,78.33,77.43,78.27,18381.0,701.0,77.884473
CRUS,2024-01-16 16:00:00+00:00,78.065,78.1368,77.42,77.51,21021.0,759.0,77.758359
CRUS,2024-01-16 17:00:00+00:00,77.42,77.67,77.225,77.5,19576.0,689.0,77.496463
CRUS,2024-01-16 18:00:00+00:00,77.5,77.865,77.5,77.6,16594.0,780.0,77.709097
CRUS,2024-01-16 19:00:00+00:00,77.74,77.74,77.455,77.685,18001.0,909.0,77.6012
CRUS,2024-01-16 20:00:00+00:00,77.75,78.19,77.63,78.16,92333.0,2845.0,77.964117
CRUS,2024-01-16 21:00:00+00:00,78.11,78.11,78.11,78.11,49990.0,16.0,78.11
