symbol,timestamp,open,high,low,close,volume,trade_count,vwap
LNT,2023-07-17 13:00:00+00:00,54.11,54.17,53.27,53.7314,74104.0,1249.0,53.632577
LNT,2023-07-17 14:00:00+00:00,53.73,53.83,53.42,53.61,112468.0,2157.0,53.621581
LNT,2023-07-17 15:00:00+00:00,53.61,53.75,53.49,53.595,110010.0,2214.0,53.627613
LNT,2023-07-17 16:00:00+00:00,53.59,53.76,53.51,53.76,90507.0,2075.0,53.634731
LNT,2023-07-17 17:00:00+00:00,53.74,53.74,53.43,53.455,114952.0,2235.0,53.549184
LNT,2023-07-17 18:00:00+00:00,53.46,53.62,53.46,53.56,111288.0,2968.0,53.55899
LNT,2023-07-17 19:00:00+00:00,53.555,53.59,53.28,53.295,370419.0,6558.0,53.375017
LNT,2023-07-17 20:00:00+00:00,53.3,53.3,53.3,53.3,188000.0,24.0,53.299999
LNT,2023-07-18 13:00:00+00:00,53.46,53.8,53.25,53.66,71566.0,1174.0,53.610875
LNT,2023-07-18 14:00:00+00:00,53.59,53.71,53.355,53.43,134361.0,2262.0,53.559704
LNT,2023-07-18 15:00:00+00:00,53.44,53.495,52.91,52.99,125639.0,2290.0,53.157646
LNT,2023-07-18 16:00:00+00:00,52.96,53.04,52.3,52.38,163746.0,2687.0,52.471196
LNT,2023-07-18 17:00:00+00:00,52.38,52.6,52.34,52.52,90841.0,2459.0,52.436509
LNT,2023-07-18 18:00:00+00:00,52.51,52.72,52.5,52.565,131865.0,2748.0,52.595216
LNT,2023-07-18 19:00:00+00:00,52.555,53.03,52.515,53.01,408703.0,8242.0,52.885816
LNT,2023-07-18 20:00:00+00:00,53.005,53.03,53.005,53.02,205670.0,41.0,53.006055
LNT,2023-07-19 13:00:00+00:00,53.3,53.825,53.22,53.77,86818.0,2115.0,53.588817
LNT,2023-07-19 14:00:00+00:00,53.79,54.055,53.61,53.65,193684.0,4593.0,53.866451
LNT,2023-07-19 15:00:00+00:00,53.66,53.69,53.32,53.52,106239.0,3088.0,53.45992
LNT,2023-07-19 16:00:00+00:00,53.52,53.69,53.37,53.57,103127.0,2397.0,53.561231
LNT,2023-07-19 17:00:00+00:00,53.57,53.685,53.545,53.635,78124.0,2012.0,53.619579
LNT,2023-07-19 18:00:00+00:00,53.64,53.73,53.63,53.67,60166.0,2041.0,53.677219
LNT,2023-07-19 19:00:00+00:00,53.67,53.74,53.59,53.7,317768.0,5775.0,53.673682
LNT,2023-07-19 20:00:00+00:00,53.695,53.71,53.69,53.71,212739.0,36.0,53.709917
LNT,2023-07-19 23:00:00+00:00,53.76,53.76,53.76,53.76,600.0,2.0,53.76
LNT,2023-07-20 13:00:00+00:00,53.95,54.09,53.47,53.74,61434.0,1095.0,53.793716
LNT,2023-07-20 14:00:00+00:00,53.71,54.1,53.71,54.0,105033.0,2358.0,53.943382
LNT,2023-07-20 15:00:00+00:00,53.99,54.205,53.92,54.16,106930.0,2105.0,54.034278
LNT,2023-07-20 16:00:00+00:00,54.17,54.29,54.12,54.2,77201.0,1779.0,54.205604
LNT,2023-07-20 17:00:00+00:00,54.205,54.41,54.2,54.36,64734.0,1427.0,54.278565
LNT,2023-07-20 18:00:00+00:00,54.36,54.815,54.36,54.8,172723.0,2837.0,54.637979
LNT,2023-07-20 19:00:00+00:00,54.81,54.91,54.43,54.77,436360.0,6492.0,54.645197
LNT,2023-07-20 20:00:00+00:00,54.78,54.78,54.78,54.78,199710.0,35.0,54.78
LNT,2023-07-21 13:00:00+00:00,55.0,55.34,54.89,55.31,100048.0,1274.0,55.101083
LNT,2023-07-21 14:00:00+00:00,55.325,55.56,55.13,55.54,158569.0,2469.0,55.337215
LNT,2023-07-21 15:00:00+00:00,55.55,55.71,55.43,55.63,107506.0,2020.0,55.56602
LNT,2023-07-21 16:00:00+00:00,55.64,55.81,55.55,55.69,64497.0,1651.0,55.698965
LNT,2023-07-21 17:00:00+00:00,55.68,55.685,55.49,55.52,64829.0,1786.0,55.595863
LNT,2023-07-21 18:00:00+00:00,55.6,55.77,55.525,55.77,104107.0,2507.0,55.678602
LNT,2023-07-21 19:00:00+00:00,55.77,55.895,55.63,55.74,303818.0,6057.0,55.77516
LNT,2023-07-21 20:00:00+00:00,55.74,55.74,55.74,55.74,325290.0,35.0,55.74
LNT,2023-07-24 13:00:00+00:00,55.75,55.96,55.66,55.7,53337.0,1090.0,55.79148
LNT,2023-07-24 14:00:00+00:00,55.755,55.77,55.27,55.46,111688.0,2554.0,55.479696
LNT,2023-07-24 15:00:00+00:00,55.45,55.83,55.31,55.71,89225.0,1760.0,55.530012
LNT,2023-07-24 16:00:00+00:00,55.71,55.75,55.57,55.63,58271.0,1344.0,55.652183
LNT,2023-07-24 17:00:00+00:00,55.64,55.69,55.551,55.67,54629.0,1494.0,55.616721
LNT,2023-07-24 18:00:00+00:00,55.66,55.725,55.51,55.55,109194.0,2576.0,55.608896
LNT,2023-07-24 19:00:00+00:00,55.535,55.655,55.41,55.55,324656.0,5790.0,55.538199
LNT,2023-07-24 20:00:00+00:00,55.55,55.55,55.55,55.55,320956.0,38.0,55.55
LNT,2023-07-25 13:00:00+00:00,55.32,55.49,55.25,55.34,64730.0,1076.0,55.36603
LNT,2023-07-25 14:00:00+00:00,55.33,55.78,55.305,55.68,78210.0,2034.0,55.531911
LNT,2023-07-25 15:00:00+00:00,55.665,55.8,55.63,55.78,55916.0,1565.0,55.715318
LNT,2023-07-25 16:00:00+00:00,55.785,55.8,55.43,55.46,84263.0,1754.0,55.598384
LNT,2023-07-25 17:00:00+00:00,55.47,55.555,55.375,55.515,74116.0,1938.0,55.470898
LNT,2023-07-25 18:00:00+00:00,55.52,55.675,55.48,55.64,92691.0,2148.0,55.588597
LNT,2023-07-25 19:00:00+00:00,55.635,55.675,55.51,55.54,306471.0,5380.0,55.595693
LNT,2023-07-25 20:00:00+00:00,55.56,55.58,55.5,55.5,188399.0,40.0,55.559985
LNT,2023-07-26 13:00:00+00:00,55.53,56.01,55.5,55.51,49421.0,1004.0,55.750491
LNT,2023-07-26 14:00:00+00:00,55.53,56.24,55.5,56.12,77141.0,2080.0,55.749109
LNT,2023-07-26 15:00:00+00:00,56.12,56.26,55.7592,55.84,45899.0,1421.0,55.963686
LNT,2023-07-26 16:00:00+00:00,55.81,55.91,55.72,55.75,44491.0,1312.0,55.836217
LNT,2023-07-26 17:00:00+00:00,55.7201,55.765,55.68,55.69,49124.0,1498.0,55.725463
LNT,2023-07-26 18:00:00+00:00,55.68,55.73,55.47,55.705,80503.0,2065.0,55.61148
LNT,2023-07-26 19:00:00+00:00,55.71,55.73,55.41,55.66,177364.0,4199.0,55.566539
LNT,2023-07-26 20:00:00+00:00,55.66,55.66,55.66,55.66,141468.0,27.0,55.66
LNT,2023-07-27 13:00:00+00:00,55.6,55.685,55.27,55.475,88680.0,1372.0,55.453551
LNT,2023-07-27 14:00:00+00:00,55.51,55.56,55.07,55.09,116919.0,2528.0,55.332194
LNT,2023-07-27 15:00:00+00:00,55.1,55.1,54.695,54.875,130671.0,2315.0,54.878535
LNT,2023-07-27 16:00:00+00:00,54.875,54.89,54.62,54.68,111931.0,2842.0,54.72221
LNT,2023-07-27 17:00:00+00:00,54.7,54.79,54.39,54.56,100285.0,2335.0,54.556659
LNT,2023-07-27 18:00:00+00:00,54.56,54.58,54.39,54.495,68732.0,2067.0,54.468198
LNT,2023-07-27 19:00:00+00:00,54.5,54.61,54.4,54.53,237493.0,4936.0,54.531959
LNT,2023-07-27 20:00:00+00:00,54.53,54.53,54.53,54.53,226483.0,30.0,54.53
LNT,2023-07-28 13:00:00+00:00,54.65,54.87,54.16,54.36,73790.0,1359.0,54.475448
LNT,2023-07-28 14:00:00+00:00,54.27,54.48,54.18,54.3,303844.0,3190.0,54.391743
LNT,2023-07-28 15:00:00+00:00,54.27,54.39,54.025,54.06,76419.0,2181.0,54.261544
LNT,2023-07-28 16:00:00+00:00,54.06,54.11,53.82,53.99,85710.0,2100.0,53.976735
LNT,2023-07-28 17:00:00+00:00,53.98,54.01,53.66,53.83,167808.0,2058.0,53.796039
LNT,2023-07-28 18:00:00+00:00,53.84,54.04,53.84,54.03,93908.0,2314.0,53.933136
LNT,2023-07-28 19:00:00+00:00,54.03,54.09,53.82,53.9,226227.0,4844.0,53.955416
LNT,2023-07-28 20:00:00+00:00,53.89,53.89,53.89,53.89,175000.0,38.0,53.89
LNT,2023-07-31 13:00:00+00:00,54.11,54.26,53.97,54.15,57872.0,1094.0,54.104348
LNT,2023-07-31 14:00:00+00:00,54.15,54.32,54.01,54.1,133494.0,3147.0,54.197059
LNT,2023-07-31 15:00:00+00:00,54.06,54.06,53.745,53.91,71711.0,1901.0,53.874604
LNT,2023-07-31 16:00:00+00:00,53.91,53.9846,53.79,53.82,80249.0,1898.0,53.880055
LNT,2023-07-31 17:00:00+00:00,53.81,53.84,53.68,53.74,76316.0,2096.0,53.755583
LNT,2023-07-31 18:00:00+00:00,53.73,53.73,53.545,53.58,102308.0,2614.0,53.63751
LNT,2023-07-31 19:00:00+00:00,53.595,53.78,53.48,53.76,305796.0,5930.0,53.641356
LNT,2023-07-31 20:00:00+00:00,53.74,53.74,53.74,53.74,355690.0,58.0,53.74
LNT,2023-08-01 13:00:00+00:00,53.76,54.02,53.63,54.0,103631.0,1848.0,53.828361
LNT,2023-08-01 14:00:00+00:00,53.99,54.11,53.675,53.71,148230.0,3204.0,53.876258
LNT,2023-08-01 15:00:00+00:00,53.74,53.76,53.49,53.54,91323.0,2021.0,53.616219
LNT,2023-08-01 16:00:00+00:00,53.55,53.715,53.48,53.58,67398.0,1764.0,53.595056
LNT,2023-08-01 17:00:00+00:00,53.59,53.6,53.475,53.48,109560.0,2113.0,53.545316
LNT,2023-08-01 18:00:00+00:00,53.49,53.6,53.41,53.47,133167.0,2467.0,53.512689
LNT,2023-08-01 19:00:00+00:00,53.465,53.51,53.22,53.3,291127.0,5233.0,53.365437
LNT,2023-08-01 20:00:00+00:00,53.3,53.3,53.3,53.3,351001.0,37.0,53.3
LNT,2023-08-02 13:00:00+00:00,53.13,53.42,52.97,53.3,93025.0,1591.0,53.185309
LNT,2023-08-02 14:00:00+00:00,53.26,53.34,53.115,53.22,164005.0,3032.0,53.220001
LNT,2023-08-02 15:00:00+00:00,53.19,53.5,53.02,53.44,115985.0,2529.0,53.269125
LNT,2023-08-02 16:00:00+00:00,53.45,53.65,53.45,53.49,137905.0,2384.0,53.574355
LNT,2023-08-02 17:00:00+00:00,53.495,53.495,53.32,53.36,72062.0,1743.0,53.405831
LNT,2023-08-02 18:00:00+00:00,53.35,53.4,53.25,53.285,88183.0,2166.0,53.316671
LNT,2023-08-02 19:00:00+00:00,53.28,53.41,53.245,53.29,296574.0,6091.0,53.32017
LNT,2023-08-02 20:00:00+00:00,53.28,53.28,53.28,53.28,298691.0,28.0,53.28
LNT,2023-08-03 12:00:00+00:00,53.28,53.28,53.28,53.28,13600.0,1.0,53.28
LNT,2023-08-03 13:00:00+00:00,53.1,53.15,52.139,52.22,139915.0,2971.0,52.514308
LNT,2023-08-03 14:00:00+00:00,52.24,52.27,51.91,52.105,177631.0,4620.0,52.124534
LNT,2023-08-03 15:00:00+00:00,52.1,52.24,51.64,51.75,161374.0,4117.0,51.940592
LNT,2023-08-03 16:00:00+00:00,51.74,52.11,51.71,52.05,112552.0,2698.0,51.92977
LNT,2023-08-03 17:00:00+00:00,52.06,52.19,51.92,52.12,121401.0,2800.0,52.0442
LNT,2023-08-03 18:00:00+00:00,52.12,52.23,52.045,52.145,150554.0,3267.0,52.136363
LNT,2023-08-03 19:00:00+00:00,52.15,52.15,51.73,51.76,634478.0,10453.0,51.932783
LNT,2023-08-03 20:00:00+00:00,51.76,51.76,51.76,51.76,446933.0,49.0,51.76
LNT,2023-08-04 13:00:00+00:00,52.09,52.935,51.85,52.83,170979.0,2508.0,52.515271
LNT,2023-08-04 14:00:00+00:00,52.831,52.85,51.86,51.87,221714.0,4818.0,52.394301
LNT,2023-08-04 15:00:00+00:00,51.9,52.0,51.755,51.755,137542.0,3136.0,51.880288
LNT,2023-08-04 16:00:00+00:00,51.75,52.0,51.73,51.99,106005.0,2599.0,51.87628
LNT,2023-08-04 17:00:00+00:00,52.01,52.05,51.57,51.63,110219.0,2685.0,51.830028
LNT,2023-08-04 18:00:00+00:00,51.62,51.62,51.11,51.13,140870.0,3233.0,51.34473
LNT,2023-08-04 19:00:00+00:00,51.13,51.42,51.06,51.32,673177.0,8064.0,51.226262
LNT,2023-08-04 20:00:00+00:00,51.3,51.3,51.3,51.3,217219.0,41.0,51.3
LNT,2023-08-07 13:00:00+00:00,51.44,51.63,51.17,51.31,95759.0,1753.0,51.368379
LNT,2023-08-07 14:00:00+00:00,51.35,51.67,51.21,51.35,116327.0,3116.0,51.459497
LNT,2023-08-07 15:00:00+00:00,51.355,51.6255,51.355,51.365,103701.0,2436.0,51.502268
LNT,2023-08-07 16:00:00+00:00,51.365,51.415,51.1,51.24,116354.0,2500.0,51.280137
LNT,2023-08-07 17:00:00+00:00,51.25,51.39,51.2,51.39,119142.0,2716.0,51.301061
LNT,2023-08-07 18:00:00+00:00,51.4,51.44,51.25,51.295,101117.0,2425.0,51.313917
LNT,2023-08-07 19:00:00+00:00,51.3,51.3997,51.17,51.34,394884.0,6104.0,51.327359
LNT,2023-08-07 20:00:00+00:00,51.33,51.33,51.33,51.33,257824.0,39.0,51.33
LNT,2023-08-08 13:00:00+00:00,51.21,51.4,51.045,51.29,125076.0,2232.0,51.289774
LNT,2023-08-08 14:00:00+00:00,51.29,51.33,50.865,50.94,167197.0,4202.0,51.074785
LNT,2023-08-08 15:00:00+00:00,50.9259,51.0104,50.8,50.9891,143806.0,3155.0,50.916512
LNT,2023-08-08 16:00:00+00:00,50.985,51.03,50.81,51.0,125148.0,2594.0,50.933721
LNT,2023-08-08 17:00:00+00:00,51.0,51.11,50.97,51.01,122489.0,2782.0,51.047613
LNT,2023-08-08 18:00:00+00:00,51.01,51.2,50.995,51.2,115631.0,2662.0,51.10969
LNT,2023-08-08 19:00:00+00:00,51.21,51.56,51.19,51.53,351755.0,6407.0,51.42842
LNT,2023-08-08 20:00:00+00:00,51.52,51.52,51.52,51.52,236138.0,36.0,51.52
LNT,2023-08-09 13:00:00+00:00,51.36,51.98,51.26,51.96,90414.0,1846.0,51.74623
LNT,2023-08-09 14:00:00+00:00,51.92,52.11,51.675,52.06,255124.0,3758.0,51.854274
LNT,2023-08-09 15:00:00+00:00,52.09,52.11,51.33,51.38,83207.0,2131.0,51.680236
LNT,2023-08-09 16:00:00+00:00,51.38,51.495,51.345,51.46,79271.0,1897.0,51.419748
LNT,2023-08-09 17:00:00+00:00,51.45,51.53,51.4,51.52,68745.0,1828.0,51.476002
LNT,2023-08-09 18:00:00+00:00,51.515,51.545,51.435,51.53,109357.0,2141.0,51.492391
LNT,2023-08-09 19:00:00+00:00,51.525,51.76,51.39,51.48,551622.0,7565.0,51.539259
LNT,2023-08-09 20:00:00+00:00,51.47,51.47,51.47,51.47,288890.0,25.0,51.470002
LNT,2023-08-10 11:00:00+00:00,52.26,52.26,52.26,52.26,104.0,2.0,52.260385
LNT,2023-08-10 13:00:00+00:00,51.67,51.98,51.67,51.71,50295.0,1026.0,51.811723
LNT,2023-08-10 14:00:00+00:00,51.7297,51.83,51.57,51.67,151064.0,3687.0,51.732614
LNT,2023-08-10 15:00:00+00:00,51.63,51.78,51.53,51.59,134393.0,2639.0,51.637398
LNT,2023-08-10 16:00:00+00:00,51.64,51.71,51.56,51.647,115676.0,2515.0,51.626869
LNT,2023-08-10 17:00:00+00:00,51.66,51.7511,51.505,51.66,158757.0,3168.0,51.624689
LNT,2023-08-10 18:00:00+00:00,51.65,51.87,51.6,51.84,120906.0,2835.0,51.792543
LNT,2023-08-10 19:00:00+00:00,51.83,51.855,51.465,51.6,599507.0,8756.0,51.641428
LNT,2023-08-10 20:00:00+00:00,51.61,51.61,51.55,51.6,270128.0,39.0,51.599974
LNT,2023-08-11 13:00:00+00:00,51.73,51.78,51.41,51.775,93001.0,1518.0,51.646437
LNT,2023-08-11 14:00:00+00:00,51.76,51.82,51.54,51.57,106394.0,2942.0,51.687239
LNT,2023-08-11 15:00:00+00:00,51.595,51.82,51.54,51.81,115373.0,2464.0,51.657562
LNT,2023-08-11 16:00:00+00:00,51.82,51.945,51.71,51.75,116026.0,2354.0,51.839234
LNT,2023-08-11 17:00:00+00:00,51.76,51.88,51.73,51.77,86974.0,2605.0,51.800947
LNT,2023-08-11 18:00:00+00:00,51.78,51.95,51.775,51.88,85337.0,2756.0,51.87238
LNT,2023-08-11 19:00:00+00:00,51.865,51.959,51.79,51.87,323350.0,5935.0,51.862214
LNT,2023-08-11 20:00:00+00:00,51.86,51.86,51.82,51.82,338800.0,33.0,51.859963
LNT,2023-08-14 13:00:00+00:00,52.39,52.39,51.06,51.115,88915.0,1227.0,51.4203
LNT,2023-08-14 14:00:00+00:00,51.12,51.24,51.05,51.07,111042.0,2723.0,51.142111
LNT,2023-08-14 15:00:00+00:00,51.08,51.165,50.955,51.0967,96497.0,2206.0,51.032121
LNT,2023-08-14 16:00:00+00:00,51.1,51.29,51.05,51.29,80104.0,1989.0,51.1768
LNT,2023-08-14 17:00:00+00:00,51.28,51.28,51.14,51.145,109550.0,2213.0,51.219789
LNT,2023-08-14 18:00:00+00:00,51.15,51.185,51.07,51.15,108326.0,2420.0,51.129623
LNT,2023-08-14 19:00:00+00:00,51.15,51.27,51.05,51.11,416958.0,6602.0,51.159059
LNT,2023-08-14 20:00:00+00:00,51.12,51.12,51.11,51.11,319537.0,38.0,51.110019
LNT,2023-08-15 08:00:00+00:00,52.5,52.5,52.5,52.5,246.0,4.0,52.49935
LNT,2023-08-15 13:00:00+00:00,50.96,50.96,50.44,50.58,98495.0,1975.0,50.609569
LNT,2023-08-15 14:00:00+00:00,50.55,50.66,50.395,50.495,124880.0,3414.0,50.497466
LNT,2023-08-15 15:00:00+00:00,50.5,50.675,50.47,50.54,128471.0,2983.0,50.591898
LNT,2023-08-15 16:00:00+00:00,50.54,50.57,50.4424,50.51,95416.0,2482.0,50.498621
LNT,2023-08-15 17:00:00+00:00,50.51,50.51,50.235,50.28,90220.0,2598.0,50.368602
LNT,2023-08-15 18:00:00+00:00,50.295,50.36,50.195,50.335,116060.0,2992.0,50.285048
LNT,2023-08-15 19:00:00+00:00,50.345,50.47,50.19,50.3,414738.0,7413.0,50.323586
LNT,2023-08-15 20:00:00+00:00,50.31,50.31,50.31,50.31,264662.0,40.0,50.31
LNT,2023-08-15 21:00:00+00:00,50.25,50.25,50.25,50.25,327.0,5.0,50.25
LNT,2023-08-16 13:00:00+00:00,50.48,50.58,50.27,50.34,74834.0,1597.0,50.412558
LNT,2023-08-16 14:00:00+00:00,50.35,50.5,50.19,50.48,120154.0,2817.0,50.314556
LNT,2023-08-16 15:00:00+00:00,50.48,50.72,50.455,50.595,153459.0,2479.0,50.623911
LNT,2023-08-16 16:00:00+00:00,50.57,50.65,50.46,50.525,84619.0,1811.0,50.571765
LNT,2023-08-16 17:00:00+00:00,50.51,50.66,50.44,50.63,94119.0,1893.0,50.538642
LNT,2023-08-16 18:00:00+00:00,50.57,50.715,50.535,50.615,145662.0,2315.0,50.633858
LNT,2023-08-16 19:00:00+00:00,50.58,50.665,50.49,50.51,361826.0,5951.0,50.57968
LNT,2023-08-16 20:00:00+00:00,50.51,50.58,50.51,50.58,192562.0,27.0,50.51006
LNT,2023-08-17 13:00:00+00:00,50.52,50.74,50.36,50.68,84499.0,1726.0,50.508163
LNT,2023-08-17 14:00:00+00:00,50.68,51.11,50.64,50.9,131013.0,3528.0,50.898315
LNT,2023-08-17 15:00:00+00:00,50.9,50.92,50.66,50.75,122468.0,3181.0,50.748632
LNT,2023-08-17 16:00:00+00:00,50.75,50.83,50.69,50.705,103868.0,2594.0,50.747913
LNT,2023-08-17 17:00:00+00:00,50.705,50.7362,50.41,50.44,94790.0,2464.0,50.567572
LNT,2023-08-17 18:00:00+00:00,50.45,50.46,50.28,50.29,104518.0,3013.0,50.393131
LNT,2023-08-17 19:00:00+00:00,50.275,50.48,50.25,50.26,508091.0,7921.0,50.354465
LNT,2023-08-17 20:00:00+00:00,50.26,50.26,50.26,50.26,230286.0,19.0,50.26
LNT,2023-08-18 13:00:00+00:00,50.21,50.64,50.145,50.625,147681.0,2101.0,50.397417
LNT,2023-08-18 14:00:00+00:00,50.61,50.77,50.44,50.615,145637.0,3518.0,50.615996
LNT,2023-08-18 15:00:00+00:00,50.64,50.71,50.555,50.6,125111.0,3024.0,50.631917
LNT,2023-08-18 16:00:00+00:00,50.61,50.68,50.475,50.53,122794.0,2694.0,50.586237
LNT,2023-08-18 17:00:00+00:00,50.52,50.61,50.44,50.595,113239.0,2482.0,50.526969
LNT,2023-08-18 18:00:00+00:00,50.6,50.64,50.55,50.62,117593.0,2811.0,50.602051
LNT,2023-08-18 19:00:00+00:00,50.6212,50.83,50.4,50.62,654520.0,10678.0,50.572274
LNT,2023-08-18 20:00:00+00:00,50.62,50.62,50.62,50.62,3390295.0,31.0,50.619999
LNT,2023-08-21 13:00:00+00:00,50.6,50.635,50.149,50.16,77134.0,1314.0,50.420661
LNT,2023-08-21 14:00:00+00:00,50.14,50.16,49.83,49.96,110207.0,2785.0,49.952454
LNT,2023-08-21 15:00:00+00:00,49.9601,50.08,49.885,49.94,92955.0,1986.0,49.977212
LNT,2023-08-21 16:00:00+00:00,49.95,50.08,49.925,49.96,83048.0,1952.0,49.998536
LNT,2023-08-21 17:00:00+00:00,49.96,50.04,49.93,50.0,91640.0,1969.0,49.989161
LNT,2023-08-21 18:00:00+00:00,50.01,50.2,50.0,50.2,141197.0,2720.0,50.077895
LNT,2023-08-21 19:00:00+00:00,50.21,50.425,50.21,50.27,296198.0,5332.0,50.305677
LNT,2023-08-21 20:00:00+00:00,50.27,50.28,50.27,50.28,170294.0,30.0,50.279935
LNT,2023-08-22 13:00:00+00:00,50.21,50.34,50.02,50.23,80371.0,1334.0,50.175648
LNT,2023-08-22 14:00:00+00:00,50.22,50.33,50.2,50.26,94255.0,2637.0,50.275458
LNT,2023-08-22 15:00:00+00:00,50.26,50.37,50.2,50.35,103881.0,2556.0,50.273298
LNT,2023-08-22 16:00:00+00:00,50.32,50.53,50.3125,50.48,94180.0,2061.0,50.462811
LNT,2023-08-22 17:00:00+00:00,50.485,50.485,50.37,50.44,220791.0,2275.0,50.43685
LNT,2023-08-22 18:00:00+00:00,50.44,50.51,50.37,50.41,100687.0,2171.0,50.427559
LNT,2023-08-22 19:00:00+00:00,50.42,50.53,50.39,50.4,325048.0,5642.0,50.455535
LNT,2023-08-22 20:00:00+00:00,50.4,50.4,50.4,50.4,169592.0,20.0,50.4
LNT,2023-08-23 13:00:00+00:00,50.4,50.92,50.4,50.73,156099.0,2351.0,50.717107
LNT,2023-08-23 14:00:00+00:00,50.75,50.78,50.31,50.32,154459.0,3259.0,50.481716
LNT,2023-08-23 15:00:00+00:00,50.315,50.41,50.24,50.33,87593.0,2058.0,50.324113
LNT,2023-08-23 16:00:00+00:00,50.315,50.53,50.3,50.525,81030.0,1714.0,50.461532
LNT,2023-08-23 17:00:00+00:00,50.53,50.57,50.46,50.54,106941.0,2091.0,50.51641
LNT,2023-08-23 18:00:00+00:00,50.53,50.53,50.42,50.44,86690.0,2117.0,50.480064
LNT,2023-08-23 19:00:00+00:00,50.44,50.57,50.43,50.545,264828.0,5074.0,50.509027
LNT,2023-08-23 20:00:00+00:00,50.55,50.55,50.02,50.02,217702.0,25.0,50.548162
LNT,2023-08-24 13:00:00+00:00,50.59,51.23,50.55,51.21,81003.0,1312.0,50.835043
LNT,2023-08-24 14:00:00+00:00,51.14,51.21,50.89,50.97,92149.0,2661.0,51.029944
LNT,2023-08-24 15:00:00+00:00,50.96,51.02,50.83,50.85,75371.0,1974.0,50.937735
LNT,2023-08-24 16:00:00+00:00,50.84,50.84,50.48,50.53,58488.0,1811.0,50.614598
LNT,2023-08-24 17:00:00+00:00,50.52,50.53,50.39,50.4,66146.0,1732.0,50.448363
LNT,2023-08-24 18:00:00+00:00,50.41,50.425,50.2489,50.32,76357.0,2042.0,50.324108
LNT,2023-08-24 19:00:00+00:00,50.315,50.48,50.26,50.28,196669.0,4807.0,50.344473
LNT,2023-08-24 20:00:00+00:00,50.28,50.28,50.28,50.28,242977.0,26.0,50.28
LNT,2023-08-25 13:00:00+00:00,50.38,50.52,50.21,50.28,63724.0,1013.0,50.345396
LNT,2023-08-25 14:00:00+00:00,50.29,50.58,50.25,50.57,139318.0,3009.0,50.393753
LNT,2023-08-25 15:00:00+00:00,50.555,50.98,50.49,50.79,133293.0,2586.0,50.823606
LNT,2023-08-25 16:00:00+00:00,50.805,50.96,50.795,50.83,70701.0,1506.0,50.872647
LNT,2023-08-25 17:00:00+00:00,50.83,50.83,50.635,50.73,87862.0,1472.0,50.710682
LNT,2023-08-25 18:00:00+00:00,50.725,50.925,50.7,50.92,107686.0,2361.0,50.821812
LNT,2023-08-25 19:00:00+00:00,50.93,50.97,50.735,50.76,332113.0,5574.0,50.848127
LNT,2023-08-25 20:00:00+00:00,50.78,50.78,50.78,50.78,208541.0,28.0,50.78
LNT,2023-08-28 13:00:00+00:00,50.89,51.16,50.78,51.0501,73640.0,1461.0,51.028086
LNT,2023-08-28 14:00:00+00:00,51.09,51.09,50.87,50.92,81863.0,2127.0,50.965778
LNT,2023-08-28 15:00:00+00:00,50.925,50.96,50.72,50.79,98786.0,2038.0,50.842448
LNT,2023-08-28 16:00:00+00:00,50.79,50.845,50.71,50.84,50995.0,1123.0,50.773407
LNT,2023-08-28 17:00:00+00:00,50.85,50.855,50.665,50.69,113262.0,1577.0,50.769619
LNT,2023-08-28 18:00:00+00:00,50.68,50.8,50.655,50.79,67611.0,1667.0,50.71433
LNT,2023-08-28 19:00:00+00:00,50.8,50.82,50.68,50.69,195148.0,4159.0,50.723542
LNT,2023-08-28 20:00:00+00:00,50.69,50.69,50.69,50.69,150205.0,27.0,50.69
LNT,2023-08-29 13:00:00+00:00,50.71,50.83,50.54,50.8,66672.0,1113.0,50.722046
LNT,2023-08-29 14:00:00+00:00,50.79,51.13,50.73,50.77,111676.0,2959.0,50.948885
LNT,2023-08-29 15:00:00+00:00,50.76,50.795,50.57,50.75,86464.0,2542.0,50.681031
LNT,2023-08-29 16:00:00+00:00,50.75,50.91,50.74,50.855,62965.0,2113.0,50.854281
LNT,2023-08-29 17:00:00+00:00,50.865,50.97,50.83,50.89,74328.0,2163.0,50.890341
LNT,2023-08-29 18:00:00+00:00,50.895,50.92,50.78,50.8,89789.0,2353.0,50.863802
LNT,2023-08-29 19:00:00+00:00,50.79,50.86,50.75,50.84,339757.0,6047.0,50.819678
LNT,2023-08-29 20:00:00+00:00,50.85,50.85,50.85,50.85,148348.0,42.0,50.85
LNT,2023-08-30 13:00:00+00:00,50.55,51.16,50.55,51.12,117988.0,2009.0,50.979883
LNT,2023-08-30 14:00:00+00:00,51.12,51.13,50.6177,50.68,121166.0,2740.0,50.896735
LNT,2023-08-30 15:00:00+00:00,50.68,50.825,50.5465,50.815,115506.0,2306.0,50.692027
LNT,2023-08-30 16:00:00+00:00,50.81,50.81,50.7,50.77,105851.0,1948.0,50.762954
LNT,2023-08-30 17:00:00+00:00,50.78,50.82,50.585,50.645,125253.0,2198.0,50.683159
LNT,2023-08-30 18:00:00+00:00,50.65,50.655,50.51,50.615,135405.0,2355.0,50.584472
LNT,2023-08-30 19:00:00+00:00,50.62,50.86,50.57,50.83,401076.0,6428.0,50.723846
LNT,2023-08-30 20:00:00+00:00,50.83,50.83,50.83,50.83,181755.0,30.0,50.83
LNT,2023-08-31 13:00:00+00:00,50.95,51.13,50.79,50.81,63188.0,1257.0,50.91848
LNT,2023-08-31 14:00:00+00:00,50.81,50.825,50.62,50.64,140700.0,2886.0,50.687366
LNT,2023-08-31 15:00:00+00:00,50.635,50.69,50.555,50.58,86746.0,2090.0,50.62355
LNT,2023-08-31 16:00:00+00:00,50.585,50.61,50.48,50.5,69496.0,1554.0,50.548496
LNT,2023-08-31 17:00:00+00:00,50.49,50.55,50.45,50.535,128713.0,1686.0,50.49882
LNT,2023-08-31 18:00:00+00:00,50.54,50.56,50.255,50.275,128932.0,2441.0,50.460376
LNT,2023-08-31 19:00:00+00:00,50.27,50.43,50.09,50.17,361502.0,6163.0,50.269535
LNT,2023-08-31 20:00:00+00:00,50.17,50.17,50.17,50.17,509650.0,29.0,50.170088
LNT,2023-09-01 13:00:00+00:00,50.27,50.415,50.16,50.34,77560.0,1700.0,50.317659
LNT,2023-09-01 14:00:00+00:00,50.34,50.34,50.03,50.0416,120554.0,3349.0,50.159776
LNT,2023-09-01 15:00:00+00:00,50.06,50.13,49.575,49.59,119553.0,2957.0,49.869738
LNT,2023-09-01 16:00:00+00:00,49.59,49.59,49.16,49.2,104931.0,2649.0,49.329533
LNT,2023-09-01 17:00:00+00:00,49.205,49.54,49.17,49.51,133985.0,2986.0,49.358961
LNT,2023-09-01 18:00:00+00:00,49.52,49.69,49.49,49.66,209264.0,4392.0,49.587301
LNT,2023-09-01 19:00:00+00:00,49.66,49.85,49.625,49.8,412771.0,7464.0,49.760707
LNT,2023-09-01 20:00:00+00:00,49.79,49.79,49.79,49.79,597161.0,53.0,49.79
LNT,2023-09-05 13:00:00+00:00,49.71,49.71,49.07,49.12,101425.0,1904.0,49.393461
LNT,2023-09-05 14:00:00+00:00,49.13,49.29,48.88,48.88,146405.0,3500.0,49.043192
LNT,2023-09-05 15:00:00+00:00,48.89,48.935,48.535,48.8,147847.0,2855.0,48.716435
LNT,2023-09-05 16:00:00+00:00,48.81,48.895,48.695,48.72,94756.0,3697.0,48.801096
LNT,2023-09-05 17:00:00+00:00,48.71,48.805,48.62,48.795,158634.0,3455.0,48.701771
LNT,2023-09-05 18:00:00+00:00,48.795,49.255,48.77,49.245,321070.0,5351.0,49.066643
LNT,2023-09-05 19:00:00+00:00,49.25,49.39,49.135,49.24,904651.0,12689.0,49.28665
LNT,2023-09-05 20:00:00+00:00,49.24,49.24,49.23,49.23,499489.0,50.0,49.230108
LNT,2023-09-06 12:00:00+00:00,50.7764,50.7764,50.7764,50.7764,100.0,1.0,50.7764
LNT,2023-09-06 13:00:00+00:00,49.35,49.49,49.09,49.49,116722.0,1817.0,49.259001
LNT,2023-09-06 14:00:00+00:00,49.495,49.64,49.35,49.63,256906.0,5414.0,49.505664
LNT,2023-09-06 15:00:00+00:00,49.63,49.745,49.54,49.6,157273.0,3319.0,49.638952
LNT,2023-09-06 16:00:00+00:00,49.6,49.67,49.49,49.52,141521.0,3343.0,49.55839
LNT,2023-09-06 17:00:00+00:00,49.51,49.5764,49.42,49.55,138202.0,3382.0,49.490943
LNT,2023-09-06 18:00:00+00:00,49.561,49.655,49.52,49.545,124338.0,3433.0,49.594725
LNT,2023-09-06 19:00:00+00:00,49.545,49.635,49.465,49.59,389652.0,7395.0,49.574369
LNT,2023-09-06 20:00:00+00:00,49.6,49.6,49.6,49.6,237379.0,40.0,49.6
LNT,2023-09-07 13:00:00+00:00,49.94,50.18,49.6,50.15,109237.0,2252.0,49.997582
LNT,2023-09-07 14:00:00+00:00,50.13,50.38,50.01,50.36,181756.0,4632.0,50.177597
LNT,2023-09-07 15:00:00+00:00,50.365,50.76,50.365,50.73,195987.0,4244.0,50.652572
LNT,2023-09-07 16:00:00+00:00,50.725,50.745,50.53,50.53,124064.0,3051.0,50.649576
LNT,2023-09-07 17:00:00+00:00,50.53,50.56,50.3,50.32,106318.0,2875.0,50.418381
LNT,2023-09-07 18:00:00+00:00,50.32,50.42,50.279,50.415,102649.0,2724.0,50.3435
LNT,2023-09-07 19:00:00+00:00,50.42,50.525,50.39,50.42,427163.0,7446.0,50.455879
LNT,2023-09-07 20:00:00+00:00,50.43,50.43,50.43,50.43,397270.0,40.0,50.43
LNT,2023-09-08 13:00:00+00:00,50.45,50.62,50.365,50.62,72145.0,1540.0,50.471223
LNT,2023-09-08 14:00:00+00:00,50.62,50.81,50.595,50.665,208252.0,2704.0,50.699338
LNT,2023-09-08 15:00:00+00:00,50.67,50.685,50.41,50.48,84015.0,2015.0,50.52031
LNT,2023-09-08 16:00:00+00:00,50.48,50.64,50.45,50.61,62760.0,1614.0,50.57177
LNT,2023-09-08 17:00:00+00:00,50.61,50.63,50.5,50.605,80674.0,1865.0,50.578435
LNT,2023-09-08 18:00:00+00:00,50.6,50.83,50.57,50.825,154547.0,2585.0,50.717408
LNT,2023-09-08 19:00:00+00:00,50.83,50.87,50.695,50.74,403410.0,6087.0,50.774099
LNT,2023-09-08 20:00:00+00:00,50.74,50.74,50.74,50.74,655127.0,47.0,50.74
LNT,2023-09-11 13:00:00+00:00,50.64,50.88,50.63,50.82,90343.0,1458.0,50.756866
LNT,2023-09-11 14:00:00+00:00,50.81,51.075,50.745,50.745,130281.0,2975.0,50.939559
LNT,2023-09-11 15:00:00+00:00,50.73,50.78,50.58,50.735,131759.0,3114.0,50.667732
LNT,2023-09-11 16:00:00+00:00,50.74,50.945,50.74,50.91,124936.0,2729.0,50.854561
LNT,2023-09-11 17:00:00+00:00,50.915,50.92,50.74,50.78,102986.0,2342.0,50.838351
LNT,2023-09-11 18:00:00+00:00,50.78,50.85,50.75,50.8495,88818.0,2346.0,50.802236
LNT,2023-09-11 19:00:00+00:00,50.85,50.88,50.695,50.8,267842.0,5691.0,50.773718
LNT,2023-09-11 20:00:00+00:00,50.79,50.79,50.79,50.79,260554.0,54.0,50.790002
LNT,2023-09-12 13:00:00+00:00,50.85,50.92,50.51,50.69,84925.0,1427.0,50.683452
LNT,2023-09-12 14:00:00+00:00,50.69,50.83,50.57,50.73,121728.0,2342.0,50.704788
LNT,2023-09-12 15:00:00+00:00,50.725,50.935,50.7,50.8275,77801.0,2019.0,50.820524
LNT,2023-09-12 16:00:00+00:00,50.84,50.88,50.7464,50.7538,92687.0,1760.0,50.821603
LNT,2023-09-12 17:00:00+00:00,50.76,50.845,50.75,50.83,100322.0,1982.0,50.808144
LNT,2023-09-12 18:00:00+00:00,50.82,50.9,50.775,50.79,136516.0,2353.0,50.833719
LNT,2023-09-12 19:00:00+00:00,50.785,50.89,50.705,50.73,404023.0,5775.0,50.783856
LNT,2023-09-12 20:00:00+00:00,50.73,50.73,50.72,50.72,412023.0,50.0,50.720036
LNT,2023-09-13 13:00:00+00:00,50.73,51.0,50.73,51.0,105841.0,2028.0,50.914084
LNT,2023-09-13 14:00:00+00:00,51.03,51.08,50.765,50.825,168270.0,3841.0,50.90273
LNT,2023-09-13 15:00:00+00:00,50.82,51.37,50.765,51.37,129813.0,3434.0,51.006353
LNT,2023-09-13 16:00:00+00:00,51.38,51.52,51.375,51.51,94043.0,3079.0,51.454783
LNT,2023-09-13 17:00:00+00:00,51.51,51.69,51.48,51.67,139103.0,3431.0,51.601677
LNT,2023-09-13 18:00:00+00:00,51.6707,51.795,51.54,51.55,159201.0,3889.0,51.706245
LNT,2023-09-13 19:00:00+00:00,51.545,51.63,51.485,51.53,421454.0,6905.0,51.549285
LNT,2023-09-13 20:00:00+00:00,51.54,51.54,51.54,51.54,429768.0,35.0,51.54
LNT,2023-09-14 13:00:00+00:00,51.77,52.14,51.76,52.09,82953.0,1632.0,51.961799
LNT,2023-09-14 14:00:00+00:00,52.1,52.11,51.765,51.8152,155639.0,3600.0,51.900239
LNT,2023-09-14 15:00:00+00:00,51.8115,52.11,51.73,52.06,135192.0,3182.0,51.944642
LNT,2023-09-14 16:00:00+00:00,52.07,52.11,51.935,52.02,91194.0,2636.0,51.998638
LNT,2023-09-14 17:00:00+00:00,52.02,52.055,51.875,51.93,126994.0,2649.0,51.958499
LNT,2023-09-14 18:00:00+00:00,51.9575,51.99,51.88,51.9,111042.0,2726.0,51.943878
LNT,2023-09-14 19:00:00+00:00,51.9,52.1,51.885,52.08,279908.0,5780.0,52.026343
LNT,2023-09-14 20:00:00+00:00,52.09,52.09,52.09,52.09,314802.0,45.0,52.09
LNT,2023-09-15 13:00:00+00:00,51.51,52.39,51.17,52.24,509269.0,2293.0,52.032439
LNT,2023-09-15 14:00:00+00:00,52.22,52.335,52.18,52.2,110908.0,3106.0,52.282921
LNT,2023-09-15 15:00:00+00:00,52.1933,52.35,52.11,52.35,66049.0,2176.0,52.23604
LNT,2023-09-15 16:00:00+00:00,52.34,52.35,52.22,52.22,63348.0,1865.0,52.298838
LNT,2023-09-15 17:00:00+00:00,52.21,52.24,52.08,52.19,73715.0,2230.0,52.158927
LNT,2023-09-15 18:00:00+00:00,52.19,52.31,52.135,52.31,86032.0,2769.0,52.229914
LNT,2023-09-15 19:00:00+00:00,52.305,52.31,51.77,51.78,646486.0,9050.0,51.928148
LNT,2023-09-15 20:00:00+00:00,51.78,51.78,51.78,51.78,1311187.0,60.0,51.779977
LNT,2023-09-18 08:00:00+00:00,52.0,52.0,52.0,52.0,738.0,3.0,52.000027
LNT,2023-09-18 09:00:00+00:00,52.0,52.0,52.0,52.0,100.0,1.0,52.0
LNT,2023-09-18 13:00:00+00:00,52.2,52.2,51.81,51.92,209981.0,3421.0,51.985235
LNT,2023-09-18 14:00:00+00:00,51.925,52.28,51.87,52.265,289855.0,4905.0,52.031915
LNT,2023-09-18 15:00:00+00:00,52.26,52.3,52.1,52.165,146025.0,3266.0,52.204034
LNT,2023-09-18 16:00:00+00:00,52.17,52.29,52.14,52.26,97285.0,2580.0,52.199936
LNT,2023-09-18 17:00:00+00:00,52.265,52.305,52.21,52.21,118092.0,3038.0,52.262724
LNT,2023-09-18 18:00:00+00:00,52.205,52.205,52.015,52.025,109807.0,2588.0,52.108441
LNT,2023-09-18 19:00:00+00:00,52.025,52.2,51.99,52.18,339252.0,6140.0,52.0906
LNT,2023-09-18 20:00:00+00:00,52.19,52.19,52.19,52.19,382052.0,40.0,52.19
LNT,2023-09-19 13:00:00+00:00,52.15,52.27,51.92,52.21,98755.0,1799.0,52.110094
LNT,2023-09-19 14:00:00+00:00,52.19,52.3,51.96,52.27,175966.0,3428.0,52.146647
LNT,2023-09-19 15:00:00+00:00,52.27,52.28,51.9613,51.98,83579.0,2539.0,52.107528
LNT,2023-09-19 16:00:00+00:00,51.98,52.08,51.95,52.04,145624.0,3005.0,52.016057
LNT,2023-09-19 17:00:00+00:00,52.04,52.14,52.0,52.1301,93068.0,2522.0,52.0593
LNT,2023-09-19 18:00:00+00:00,52.12,52.22,52.1,52.16,107930.0,3031.0,52.163188
LNT,2023-09-19 19:00:00+00:00,52.16,52.16,52.0,52.02,296374.0,6473.0,52.072159
LNT,2023-09-19 20:00:00+00:00,52.02,52.02,51.62,51.62,338020.0,45.0,52.019888
LNT,2023-09-20 12:00:00+00:00,52.02,52.02,52.02,52.02,998.0,2.0,52.02
LNT,2023-09-20 13:00:00+00:00,52.22,52.32,51.77,51.83,116749.0,1836.0,52.013636
LNT,2023-09-20 14:00:00+00:00,51.82,52.36,51.79,52.33,164013.0,3241.0,52.007769
LNT,2023-09-20 15:00:00+00:00,52.34,52.465,52.28,52.28,66140.0,1908.0,52.366787
LNT,2023-09-20 16:00:00+00:00,52.285,52.46,52.28,52.46,71488.0,1699.0,52.368497
LNT,2023-09-20 17:00:00+00:00,52.455,52.535,52.38,52.44,90474.0,1872.0,52.459943
LNT,2023-09-20 18:00:00+00:00,52.43,52.43,52.025,52.04,99577.0,2795.0,52.199807
LNT,2023-09-20 19:00:00+00:00,52.05,52.09,51.925,51.99,242105.0,4867.0,52.004447
LNT,2023-09-20 20:00:00+00:00,51.99,51.99,51.99,51.99,201942.0,49.0,51.99
LNT,2023-09-21 13:00:00+00:00,51.97,51.97,51.36,51.68,108650.0,1990.0,51.597239
LNT,2023-09-21 14:00:00+00:00,51.68,51.75,51.425,51.49,90829.0,2422.0,51.595021
LNT,2023-09-21 15:00:00+00:00,51.52,51.705,51.51,51.7,122008.0,2520.0,51.589596
LNT,2023-09-21 16:00:00+00:00,51.71,51.78,51.63,51.71,138704.0,2695.0,51.714226
LNT,2023-09-21 17:00:00+00:00,51.715,51.74,51.48,51.7,107125.0,2199.0,51.638395
LNT,2023-09-21 18:00:00+00:00,51.71,51.74,51.62,51.65,158125.0,3456.0,51.691933
LNT,2023-09-21 19:00:00+00:00,51.65,51.735,51.32,51.32,391166.0,6670.0,51.515378
LNT,2023-09-21 20:00:00+00:00,51.33,51.33,51.33,51.33,295262.0,28.0,51.33
LNT,2023-09-22 13:00:00+00:00,51.12,51.23,50.89,50.96,71198.0,1434.0,51.04159
LNT,2023-09-22 14:00:00+00:00,50.98,51.305,50.98,51.26,60073.0,1868.0,51.179218
LNT,2023-09-22 15:00:00+00:00,51.27,51.575,51.22,51.39,71489.0,2205.0,51.397077
LNT,2023-09-22 16:00:00+00:00,51.4,51.475,51.31,51.44,61914.0,1656.0,51.389443
LNT,2023-09-22 17:00:00+00:00,51.45,51.49,51.32,51.47,73434.0,2057.0,51.425156
LNT,2023-09-22 18:00:00+00:00,51.47,51.47,51.24,51.31,83017.0,2336.0,51.381583
LNT,2023-09-22 19:00:00+00:00,51.31,51.54,51.105,51.23,432408.0,6994.0,51.32019
LNT,2023-09-22 20:00:00+00:00,51.23,51.25,51.23,51.25,336384.0,47.0,51.249985
LNT,2023-09-25 13:00:00+00:00,50.9,51.23,50.76,50.93,87252.0,1415.0,50.975203
LNT,2023-09-25 14:00:00+00:00,50.92,51.01,50.7,50.9,92437.0,2398.0,50.86864
LNT,2023-09-25 15:00:00+00:00,50.9,50.9,50.58,50.77,103508.0,2370.0,50.719888
LNT,2023-09-25 16:00:00+00:00,50.785,50.9268,50.785,50.8491,84476.0,1922.0,50.864869
LNT,2023-09-25 17:00:00+00:00,50.84,50.935,50.7,50.925,113660.0,2204.0,50.821288
LNT,2023-09-25 18:00:00+00:00,50.93,51.025,50.875,50.96,107746.0,2282.0,50.951843
LNT,2023-09-25 19:00:00+00:00,50.9625,51.1315,50.81,51.06,335426.0,5410.0,51.017042
LNT,2023-09-25 20:00:00+00:00,51.05,51.05,51.05,51.05,255130.0,31.0,51.05
LNT,2023-09-26 13:00:00+00:00,50.9,50.96,50.27,50.595,111858.0,1855.0,50.520415
LNT,2023-09-26 14:00:00+00:00,50.6,50.6,50.12,50.38,137321.0,3077.0,50.304465
LNT,2023-09-26 15:00:00+00:00,50.39,50.42,49.9,50.19,164034.0,3286.0,50.23558
LNT,2023-09-26 16:00:00+00:00,50.19,50.25,49.94,49.94,97065.0,2175.0,50.126934
LNT,2023-09-26 17:00:00+00:00,49.93,50.01,49.74,49.77,127397.0,2885.0,49.880387
LNT,2023-09-26 18:00:00+00:00,49.78,49.8,49.265,49.33,131501.0,2968.0,49.556552
LNT,2023-09-26 19:00:00+00:00,49.32,49.43,49.12,49.27,578030.0,9802.0,49.300118
LNT,2023-09-26 20:00:00+00:00,49.26,49.26,49.26,49.26,390137.0,46.0,49.26
LNT,2023-09-27 13:00:00+00:00,49.25,49.27,48.92,49.08,79233.0,1499.0,49.078609
LNT,2023-09-27 14:00:00+00:00,49.09,49.36,49.01,49.01,139662.0,3186.0,49.145928
LNT,2023-09-27 15:00:00+00:00,48.99,48.995,48.66,48.84,132281.0,3130.0,48.822601
LNT,2023-09-27 16:00:00+00:00,48.835,48.89,48.46,48.82,124577.0,2872.0,48.705588
LNT,2023-09-27 17:00:00+00:00,48.815,48.85,48.51,48.59,111066.0,2424.0,48.62177
LNT,2023-09-27 18:00:00+00:00,48.6,48.89,48.595,48.73,194214.0,3588.0,48.751523
LNT,2023-09-27 19:00:00+00:00,48.725,48.82,48.42,48.57,481169.0,7437.0,48.604398
LNT,2023-09-27 20:00:00+00:00,48.55,48.55,48.55,48.55,348102.0,24.0,48.55
LNT,2023-09-28 13:00:00+00:00,48.75,48.91,48.44,48.63,90457.0,1660.0,48.668404
LNT,2023-09-28 14:00:00+00:00,48.65,48.71,47.8,48.07,157358.0,3380.0,48.11436
LNT,2023-09-28 15:00:00+00:00,48.09,48.195,47.85,48.06,160627.0,3320.0,48.05316
LNT,2023-09-28 16:00:00+00:00,48.055,48.31,47.95,48.3,147802.0,2683.0,48.148954
LNT,2023-09-28 17:00:00+00:00,48.29,48.31,47.98,48.11,130360.0,2461.0,48.156674
LNT,2023-09-28 18:00:00+00:00,48.12,48.34,48.09,48.23,156087.0,2761.0,48.198638
LNT,2023-09-28 19:00:00+00:00,48.225,48.24,47.955,48.055,501937.0,7701.0,48.070951
LNT,2023-09-28 20:00:00+00:00,48.06,48.06,48.06,48.06,335770.0,41.0,48.06
LNT,2023-09-29 13:00:00+00:00,48.55,48.89,48.4433,48.51,145391.0,1883.0,48.648047
LNT,2023-09-29 14:00:00+00:00,48.49,48.5,47.98,48.375,180186.0,3478.0,48.242796
LNT,2023-09-29 15:00:00+00:00,48.37,48.58,48.09,48.29,173844.0,3152.0,48.30674
LNT,2023-09-29 16:00:00+00:00,48.295,48.305,48.08,48.17,107899.0,1987.0,48.19677
LNT,2023-09-29 17:00:00+00:00,48.165,48.23,47.96,48.095,216381.0,3128.0,48.092882
LNT,2023-09-29 18:00:00+00:00,48.09,48.45,48.06,48.44,193852.0,3567.0,48.215644
LNT,2023-09-29 19:00:00+00:00,48.46,48.515,48.2922,48.44,468948.0,6933.0,48.425997
LNT,2023-09-29 20:00:00+00:00,48.45,48.47,48.45,48.47,416504.0,38.0,48.45001
LNT,2023-10-02 13:00:00+00:00,48.27,48.27,47.28,47.46,161846.0,2225.0,47.767847
LNT,2023-10-02 14:00:00+00:00,47.42,47.505,46.46,46.525,245875.0,4366.0,46.941947
LNT,2023-10-02 15:00:00+00:00,46.52,46.61,45.97,46.26,186057.0,3675.0,46.331815
LNT,2023-10-02 16:00:00+00:00,46.265,46.398,46.01,46.045,178135.0,2719.0,46.200288
LNT,2023-10-02 17:00:00+00:00,46.04,46.3,46.04,46.15,175212.0,3225.0,46.163025
LNT,2023-10-02 18:00:00+00:00,46.15,46.32,45.87,46.07,254355.0,4217.0,46.037083
LNT,2023-10-02 19:00:00+00:00,46.06,46.4,45.99,46.25,555457.0,8650.0,46.252561
LNT,2023-10-02 20:00:00+00:00,46.26,46.26,46.24,46.24,439350.0,36.0,46.240017
LNT,2023-10-03 12:00:00+00:00,46.24,46.24,46.15,46.15,1086.0,2.0,46.23105
LNT,2023-10-03 13:00:00+00:00,45.88,46.03,45.55,45.76,181486.0,2430.0,45.829711
LNT,2023-10-03 14:00:00+00:00,45.75,45.77,45.1536,45.72,289009.0,4873.0,45.520648
LNT,2023-10-03 15:00:00+00:00,45.74,46.05,45.61,45.86,209192.0,4247.0,45.802568
LNT,2023-10-03 16:00:00+00:00,45.845,46.3,45.82,46.19,199291.0,3788.0,46.085048
LNT,2023-10-03 17:00:00+00:00,46.19,46.78,46.19,46.78,231632.0,4468.0,46.581577
LNT,2023-10-03 18:00:00+00:00,46.78,46.82,46.52,46.66,251344.0,5046.0,46.676407
LNT,2023-10-03 19:00:00+00:00,46.66,46.95,46.59,46.79,563005.0,8959.0,46.786081
LNT,2023-10-03 20:00:00+00:00,46.79,46.79,46.79,46.79,283670.0,37.0,46.790001
LNT,2023-10-03 22:00:00+00:00,46.79,46.79,46.79,46.79,600.0,2.0,46.79
LNT,2023-10-04 13:00:00+00:00,46.84,47.11,46.69,46.99,149462.0,2287.0,46.862266
LNT,2023-10-04 14:00:00+00:00,46.98,47.16,46.31,46.47,272080.0,4895.0,46.68928
LNT,2023-10-04 15:00:00+00:00,46.48,46.8,46.46,46.675,204935.0,3263.0,46.663821
LNT,2023-10-04 16:00:00+00:00,46.695,46.97,46.68,46.86,195328.0,3287.0,46.849519
LNT,2023-10-04 17:00:00+00:00,46.875,47.17,46.79,47.1,238229.0,3694.0,46.991376
LNT,2023-10-04 18:00:00+00:00,47.105,47.29,47.07,47.2638,206636.0,3172.0,47.18249
LNT,2023-10-04 19:00:00+00:00,47.265,47.54,47.18,47.48,628472.0,8295.0,47.445245
LNT,2023-10-04 20:00:00+00:00,47.48,47.49,47.48,47.49,324495.0,30.0,47.489997
LNT,2023-10-05 13:00:00+00:00,47.45,47.63,47.03,47.58,171049.0,2535.0,47.30079
LNT,2023-10-05 14:00:00+00:00,47.6,47.68,46.95,47.14,178158.0,3746.0,47.265008
LNT,2023-10-05 15:00:00+00:00,47.13,47.33,47.1,47.16,87837.0,2057.0,47.213196
LNT,2023-10-05 16:00:00+00:00,47.15,47.342,47.03,47.2,92657.0,1912.0,47.182457
LNT,2023-10-05 17:00:00+00:00,47.185,47.55,47.16,47.55,261116.0,2707.0,47.322148
LNT,2023-10-05 18:00:00+00:00,47.56,47.8192,47.56,47.73,236524.0,3344.0,47.687537
LNT,2023-10-05 19:00:00+00:00,47.725,47.84,47.39,47.6,531432.0,8426.0,47.621823
LNT,2023-10-05 20:00:00+00:00,47.61,47.61,47.61,47.61,365281.0,37.0,47.61
LNT,2023-10-06 13:00:00+00:00,47.2,47.24,46.73,46.88,158163.0,2190.0,46.943567
LNT,2023-10-06 14:00:00+00:00,46.85,47.62,46.74,47.36,195537.0,3962.0,47.137063
LNT,2023-10-06 15:00:00+00:00,47.36,48.16,47.29,48.14,298913.0,4719.0,47.742323
LNT,2023-10-06 16:00:00+00:00,48.16,48.33,47.92,48.21,152659.0,2891.0,48.137696
LNT,2023-10-06 17:00:00+00:00,48.21,48.48,48.21,48.365,266201.0,3490.0,48.375398
LNT,2023-10-06 18:00:00+00:00,48.355,48.51,48.26,48.38,221450.0,3742.0,48.374433
LNT,2023-10-06 19:00:00+00:00,48.385,48.565,48.27,48.39,425885.0,7532.0,48.425269
LNT,2023-10-06 20:00:00+00:00,48.38,48.38,48.38,48.38,310551.0,33.0,48.38
LNT,2023-10-09 13:00:00+00:00,48.3,48.72,48.3,48.455,90612.0,1582.0,48.465534
LNT,2023-10-09 14:00:00+00:00,48.38,48.5,48.07,48.45,147769.0,2874.0,48.26746
LNT,2023-10-09 15:00:00+00:00,48.44,48.53,48.215,48.41,96046.0,2126.0,48.40231
LNT,2023-10-09 16:00:00+00:00,48.425,48.425,48.15,48.19,109409.0,1836.0,48.27344
LNT,2023-10-09 17:00:00+00:00,48.22,48.58,48.18,48.525,112830.0,2202.0,48.386822
LNT,2023-10-09 18:00:00+00:00,48.525,48.585,48.33,48.4,131730.0,2623.0,48.459431
LNT,2023-10-09 19:00:00+00:00,48.41,48.58,48.305,48.58,508958.0,7634.0,48.459884
LNT,2023-10-09 20:00:00+00:00,48.57,48.57,48.57,48.57,624147.0,40.0,48.57
LNT,2023-10-10 13:00:00+00:00,48.58,48.86,48.49,48.63,97034.0,2109.0,48.706539
LNT,2023-10-10 14:00:00+00:00,48.65,49.065,48.47,49.03,230402.0,5962.0,48.800372
LNT,2023-10-10 15:00:00+00:00,49.03,49.09,48.78,48.94,116258.0,3253.0,48.930283
LNT,2023-10-10 16:00:00+00:00,48.94,49.17,48.88,49.16,131084.0,3545.0,49.046699
LNT,2023-10-10 17:00:00+00:00,49.16,49.2,48.97,49.09,143048.0,3385.0,49.06949
LNT,2023-10-10 18:00:00+00:00,49.09,49.155,48.98,49.025,116932.0,3066.0,49.07812
LNT,2023-10-10 19:00:00+00:00,49.02,49.225,48.985,49.14,330900.0,6227.0,49.127736
LNT,2023-10-10 20:00:00+00:00,49.15,49.15,49.15,49.15,194929.0,35.0,49.15
LNT,2023-10-11 13:00:00+00:00,49.29,49.4,48.89,49.12,105483.0,1968.0,49.139958
LNT,2023-10-11 14:00:00+00:00,49.11,49.345,49.04,49.2,147636.0,4066.0,49.226643
LNT,2023-10-11 15:00:00+00:00,49.19,49.3,49.01,49.19,99507.0,2979.0,49.179653
LNT,2023-10-11 16:00:00+00:00,49.2,49.41,49.16,49.31,97710.0,2263.0,49.261382
LNT,2023-10-11 17:00:00+00:00,49.32,49.465,49.26,49.416,92898.0,2218.0,49.352659
LNT,2023-10-11 18:00:00+00:00,49.42,49.62,49.28,49.605,134781.0,3120.0,49.494999
LNT,2023-10-11 19:00:00+00:00,49.61,49.78,49.61,49.68,340841.0,6039.0,49.710717
LNT,2023-10-11 20:00:00+00:00,49.69,49.69,49.69,49.69,185312.0,42.0,49.69
LNT,2023-10-12 13:00:00+00:00,49.45,49.76,49.43,49.47,110825.0,1759.0,49.543978
LNT,2023-10-12 14:00:00+00:00,49.48,49.5,49.025,49.24,205637.0,4152.0,49.263094
LNT,2023-10-12 15:00:00+00:00,49.25,49.34,48.92,49.23,144129.0,3057.0,49.109888
LNT,2023-10-12 16:00:00+00:00,49.27,49.385,49.14,49.25,130961.0,2734.0,49.263376
LNT,2023-10-12 17:00:00+00:00,49.24,49.24,48.86,48.875,201963.0,3620.0,49.023215
LNT,2023-10-12 18:00:00+00:00,48.87,49.11,48.72,49.05,251359.0,4099.0,48.935352
LNT,2023-10-12 19:00:00+00:00,49.06,49.36,48.94,49.24,706584.0,9270.0,49.211953
LNT,2023-10-12 20:00:00+00:00,49.25,49.25,49.25,49.25,234187.0,36.0,49.249997
LNT,2023-10-13 13:00:00+00:00,49.72,49.95,49.49,49.625,89899.0,1841.0,49.693064
LNT,2023-10-13 14:00:00+00:00,49.61,49.8634,49.51,49.63,152447.0,3451.0,49.698726
LNT,2023-10-13 15:00:00+00:00,49.61,49.63,49.42,49.525,122118.0,2681.0,49.553155
LNT,2023-10-13 16:00:00+00:00,49.52,49.7,49.42,49.48,110398.0,2720.0,49.57927
LNT,2023-10-13 17:00:00+00:00,49.46,49.68,49.35,49.635,150321.0,3678.0,49.541319
LNT,2023-10-13 18:00:00+00:00,49.635,49.73,49.43,49.585,162721.0,4126.0,49.617711
LNT,2023-10-13 19:00:00+00:00,49.585,49.78,49.46,49.759,448497.0,8483.0,49.632866
LNT,2023-10-13 20:00:00+00:00,49.75,49.75,49.75,49.75,268374.0,42.0,49.75
LNT,2023-10-16 13:00:00+00:00,49.9,50.06,49.569,49.75,117321.0,2147.0,49.85048
LNT,2023-10-16 14:00:00+00:00,49.75,50.435,49.68,50.405,184149.0,4243.0,50.048546
LNT,2023-10-16 15:00:00+00:00,50.41,50.465,50.23,50.41,148019.0,3621.0,50.353336
LNT,2023-10-16 16:00:00+00:00,50.415,50.5457,50.315,50.33,108667.0,3132.0,50.410976
LNT,2023-10-16 17:00:00+00:00,50.32,50.57,50.24,50.555,120928.0,3230.0,50.402005
LNT,2023-10-16 18:00:00+00:00,50.56,50.59,50.38,50.54,151305.0,3826.0,50.462209
LNT,2023-10-16 19:00:00+00:00,50.535,50.535,50.23,50.25,405849.0,7470.0,50.334547
LNT,2023-10-16 20:00:00+00:00,50.25,50.25,50.25,50.25,231819.0,33.0,50.25
LNT,2023-10-16 22:00:00+00:00,50.32,50.32,50.32,50.32,400.0,4.0,50.32
LNT,2023-10-17 13:00:00+00:00,50.0,50.45,49.93,50.04,73624.0,1327.0,50.176011
LNT,2023-10-17 14:00:00+00:00,49.97,50.3,49.91,50.05,121261.0,3410.0,50.136955
LNT,2023-10-17 15:00:00+00:00,50.055,50.45,50.015,50.31,156424.0,3234.0,50.232002
LNT,2023-10-17 16:00:00+00:00,50.35,50.44,50.2,50.21,83070.0,2667.0,50.332084
LNT,2023-10-17 17:00:00+00:00,50.205,50.25,49.881,50.005,118740.0,2682.0,50.076599
LNT,2023-10-17 18:00:00+00:00,50.005,50.02,49.835,49.885,114425.0,2911.0,49.921748
LNT,2023-10-17 19:00:00+00:00,49.88,50.04,49.875,50.02,311463.0,6136.0,49.963624
LNT,2023-10-17 20:00:00+00:00,50.02,50.02,50.02,50.02,217585.0,37.0,50.019974
LNT,2023-10-17 21:00:00+00:00,49.67,49.67,49.67,49.67,234.0,1.0,49.67
LNT,2023-10-18 13:00:00+00:00,49.91,50.32,49.86,49.92,109971.0,2154.0,50.07308
LNT,2023-10-18 14:00:00+00:00,49.92,50.07,49.74,49.89,153527.0,3138.0,49.919125
LNT,2023-10-18 15:00:00+00:00,49.895,49.97,49.58,49.59,168462.0,3466.0,49.818504
LNT,2023-10-18 16:00:00+00:00,49.55,49.64,49.455,49.64,90574.0,2555.0,49.548322
LNT,2023-10-18 17:00:00+00:00,49.63,49.86,49.6,49.8275,97883.0,2451.0,49.740352
LNT,2023-10-18 18:00:00+00:00,49.84,50.015,49.765,49.82,98295.0,2448.0,49.890348
LNT,2023-10-18 19:00:00+00:00,49.825,49.94,49.76,49.82,429028.0,6525.0,49.840578
LNT,2023-10-18 20:00:00+00:00,49.82,49.82,49.82,49.82,195758.0,27.0,49.82
LNT,2023-10-19 13:00:00+00:00,49.74,49.98,49.74,49.97,67429.0,1383.0,49.901694
LNT,2023-10-19 14:00:00+00:00,49.93,49.95,49.34,49.5,106680.0,2931.0,49.645813
LNT,2023-10-19 15:00:00+00:00,49.47,49.92,49.4,49.89,55536.0,1864.0,49.653973
LNT,2023-10-19 16:00:00+00:00,49.89,50.11,49.57,49.965,105103.0,2794.0,49.849706
LNT,2023-10-19 17:00:00+00:00,49.97,50.105,49.72,49.75,81659.0,2332.0,49.884703
LNT,2023-10-19 18:00:00+00:00,49.73,49.85,49.44,49.5,94065.0,2588.0,49.606948
LNT,2023-10-19 19:00:00+00:00,49.49,49.6,49.41,49.44,326392.0,6382.0,49.505564
LNT,2023-10-19 20:00:00+00:00,49.45,49.45,49.45,49.45,162335.0,39.0,49.45
LNT,2023-10-20 11:00:00+00:00,48.84,48.84,48.84,48.84,300.0,5.0,48.865667
LNT,2023-10-20 13:00:00+00:00,49.62,49.74,49.48,49.57,137469.0,1682.0,49.598464
LNT,2023-10-20 14:00:00+00:00,49.56,49.72,49.28,49.66,136740.0,3367.0,49.431809
LNT,2023-10-20 15:00:00+00:00,49.69,49.74,49.45,49.515,107284.0,2627.0,49.604912
LNT,2023-10-20 16:00:00+00:00,49.52,49.59,49.38,49.45,94356.0,2360.0,49.473095
LNT,2023-10-20 17:00:00+00:00,49.42,49.44,49.24,49.415,90861.0,2438.0,49.337913
LNT,2023-10-20 18:00:00+00:00,49.42,49.42,49.065,49.2,114619.0,2960.0,49.207629
LNT,2023-10-20 19:00:00+00:00,49.195,49.25,48.76,48.82,481968.0,8375.0,48.931404
LNT,2023-10-20 20:00:00+00:00,48.82,48.82,48.82,48.82,365373.0,59.0,48.82
LNT,2023-10-23 13:00:00+00:00,48.49,48.81,47.97,48.79,128529.0,2268.0,48.465477
LNT,2023-10-23 14:00:00+00:00,48.775,48.81,48.44,48.6,184570.0,3909.0,48.651229
LNT,2023-10-23 15:00:00+00:00,48.595,49.06,48.595,48.9,148806.0,2983.0,48.861158
LNT,2023-10-23 16:00:00+00:00,48.9,48.93,48.75,48.93,158652.0,2912.0,48.839182
LNT,2023-10-23 17:00:00+00:00,48.93,48.96,48.69,48.765,151806.0,3209.0,48.842966
LNT,2023-10-23 18:00:00+00:00,48.76,48.97,48.6,48.86,170588.0,3198.0,48.792344
LNT,2023-10-23 19:00:00+00:00,48.86,48.895,48.415,48.49,418103.0,7487.0,48.565197
LNT,2023-10-23 20:00:00+00:00,48.5,48.5,48.5,48.5,182541.0,43.0,48.5
LNT,2023-10-24 13:00:00+00:00,48.95,49.34,48.84,49.285,87046.0,1478.0,49.120939
LNT,2023-10-24 14:00:00+00:00,49.26,49.3163,49.01,49.24,165532.0,3665.0,49.189848
LNT,2023-10-24 15:00:00+00:00,49.24,49.47,49.09,49.33,166164.0,3400.0,49.333343
LNT,2023-10-24 16:00:00+00:00,49.32,49.43,49.23,49.29,121117.0,2819.0,49.312066
LNT,2023-10-24 17:00:00+00:00,49.28,49.48,49.21,49.39,157716.0,2935.0,49.319291
LNT,2023-10-24 18:00:00+00:00,49.39,49.62,49.35,49.595,187120.0,3908.0,49.513822
LNT,2023-10-24 19:00:00+00:00,49.59,49.67,49.44,49.44,501542.0,7643.0,49.533402
LNT,2023-10-24 20:00:00+00:00,49.44,49.44,49.44,49.44,307795.0,40.0,49.44
LNT,2023-10-25 13:00:00+00:00,49.35,49.66,49.35,49.46,65861.0,1211.0,49.515611
LNT,2023-10-25 14:00:00+00:00,49.4,49.77,49.24,49.67,148156.0,2660.0,49.550159
LNT,2023-10-25 15:00:00+00:00,49.66,49.77,49.55,49.58,98833.0,2458.0,49.649739
LNT,2023-10-25 16:00:00+00:00,49.555,49.57,49.36,49.4,88906.0,2028.0,49.466387
LNT,2023-10-25 17:00:00+00:00,49.39,49.56,49.34,49.475,94466.0,2618.0,49.441548
LNT,2023-10-25 18:00:00+00:00,49.475,49.585,49.425,49.49,120619.0,3035.0,49.492933
LNT,2023-10-25 19:00:00+00:00,49.485,49.63,49.435,49.54,302662.0,5577.0,49.525441
LNT,2023-10-25 20:00:00+00:00,49.54,49.54,49.25,49.25,188325.0,53.0,49.539815
LNT,2023-10-26 13:00:00+00:00,49.58,50.27,49.58,50.07,115003.0,1955.0,49.98755
LNT,2023-10-26 14:00:00+00:00,50.07,50.41,49.95,49.97,147680.0,2979.0,50.135373
LNT,2023-10-26 15:00:00+00:00,49.99,50.1,49.8,49.8,143582.0,2527.0,49.99956
LNT,2023-10-26 16:00:00+00:00,49.78,49.95,49.66,49.85,96221.0,2060.0,49.831266
LNT,2023-10-26 17:00:00+00:00,49.84,49.93,49.77,49.89,91172.0,2090.0,49.842741
LNT,2023-10-26 18:00:00+00:00,49.87,49.96,49.82,49.89,102541.0,2200.0,49.891982
LNT,2023-10-26 19:00:00+00:00,49.89,50.06,49.76,49.79,391023.0,7038.0,49.865712
LNT,2023-10-26 20:00:00+00:00,49.79,49.79,49.79,49.79,181095.0,39.0,49.79
LNT,2023-10-27 11:00:00+00:00,50.0,50.0,50.0,50.0,350.0,3.0,50.0
LNT,2023-10-27 13:00:00+00:00,49.66,49.85,49.45,49.68,128162.0,2090.0,49.64647
LNT,2023-10-27 14:00:00+00:00,49.66,49.67,49.408,49.57,209895.0,3841.0,49.534674
LNT,2023-10-27 15:00:00+00:00,49.57,49.63,49.11,49.15,250314.0,3815.0,49.270637
LNT,2023-10-27 16:00:00+00:00,49.13,49.2,48.9,48.93,292992.0,3785.0,49.077598
LNT,2023-10-27 17:00:00+00:00,48.92,48.96,48.75,48.95,101758.0,2330.0,48.848764
LNT,2023-10-27 18:00:00+00:00,48.96,49.055,48.81,48.886,130620.0,3110.0,48.958357
LNT,2023-10-27 19:00:00+00:00,48.88,49.14,48.84,48.92,568037.0,8709.0,48.949102
LNT,2023-10-27 20:00:00+00:00,48.93,49.0,48.93,49.0,345442.0,43.0,48.930111
LNT,2023-10-30 13:00:00+00:00,48.55,49.28,48.53,48.76,112537.0,2043.0,48.859624
LNT,2023-10-30 14:00:00+00:00,48.74,48.74,48.35,48.61,128171.0,3647.0,48.5554
LNT,2023-10-30 15:00:00+00:00,48.58,48.65,48.32,48.48,96270.0,2967.0,48.500395
LNT,2023-10-30 16:00:00+00:00,48.475,48.57,48.29,48.335,123518.0,3401.0,48.432457
LNT,2023-10-30 17:00:00+00:00,48.35,48.59,48.275,48.52,138111.0,2847.0,48.399184
LNT,2023-10-30 18:00:00+00:00,48.51,48.61,48.405,48.52,113163.0,2778.0,48.502269
LNT,2023-10-30 19:00:00+00:00,48.545,48.61,48.42,48.47,301663.0,6462.0,48.501294
LNT,2023-10-30 20:00:00+00:00,48.473,48.48,48.473,48.48,256652.0,45.0,48.479997
LNT,2023-10-31 13:00:00+00:00,48.48,49.0,48.48,48.56,105641.0,1929.0,48.819114
LNT,2023-10-31 14:00:00+00:00,48.53,48.58,48.265,48.44,136028.0,3275.0,48.424889
LNT,2023-10-31 15:00:00+00:00,48.45,48.75,48.4,48.65,115498.0,2548.0,48.580244
LNT,2023-10-31 16:00:00+00:00,48.65,48.72,48.44,48.7,96357.0,2334.0,48.615221
LNT,2023-10-31 17:00:00+00:00,48.7,48.815,48.69,48.74,96952.0,2150.0,48.747192
LNT,2023-10-31 18:00:00+00:00,48.755,48.765,48.56,48.71,174735.0,2643.0,48.654484
LNT,2023-10-31 19:00:00+00:00,48.7,48.84,48.585,48.78,387520.0,5643.0,48.726421
LNT,2023-10-31 20:00:00+00:00,48.79,48.79,48.79,48.79,316877.0,60.0,48.79
LNT,2023-11-01 13:00:00+00:00,48.82,48.92,48.315,48.46,103278.0,1915.0,48.593148
LNT,2023-11-01 14:00:00+00:00,48.47,49.36,48.47,49.09,261388.0,4519.0,49.148648
LNT,2023-11-01 15:00:00+00:00,49.08,49.385,48.81,49.263,172788.0,3709.0,49.19544
LNT,2023-11-01 16:00:00+00:00,49.28,49.43,49.19,49.39,126738.0,3100.0,49.316674
LNT,2023-11-01 17:00:00+00:00,49.38,49.55,49.32,49.35,175534.0,4183.0,49.42253
LNT,2023-11-01 18:00:00+00:00,49.36,49.72,49.36,49.71,258002.0,5805.0,49.511072
LNT,2023-11-01 19:00:00+00:00,49.72,49.89,49.49,49.5,556333.0,9666.0,49.665864
LNT,2023-11-01 20:00:00+00:00,49.5,49.5,49.5,49.5,390346.0,41.0,49.5
LNT,2023-11-02 13:00:00+00:00,49.5,50.24,49.5,50.15,85904.0,1626.0,49.95007
LNT,2023-11-02 14:00:00+00:00,50.16,50.675,50.16,50.65,274422.0,4785.0,50.431769
LNT,2023-11-02 15:00:00+00:00,50.66,50.72,50.5,50.61,111229.0,2879.0,50.612489
LNT,2023-11-02 16:00:00+00:00,50.59,50.67,50.48,50.625,166881.0,2935.0,50.58542
LNT,2023-11-02 17:00:00+00:00,50.62,50.7,50.58,50.6,146099.0,2759.0,50.626386
LNT,2023-11-02 18:00:00+00:00,50.59,50.69,50.535,50.58,196600.0,3701.0,50.620217
LNT,2023-11-02 19:00:00+00:00,50.57,50.61,50.25,50.26,767832.0,10990.0,50.413224
LNT,2023-11-02 20:00:00+00:00,50.26,50.26,50.26,50.26,529870.0,39.0,50.26
LNT,2023-11-03 13:00:00+00:00,50.59,52.79,50.59,51.51,376616.0,5186.0,51.647811
LNT,2023-11-03 14:00:00+00:00,51.5,52.36,51.41,52.23,351403.0,6351.0,51.975168
LNT,2023-11-03 15:00:00+00:00,52.22,52.22,51.72,51.9,245990.0,4643.0,51.89267
LNT,2023-11-03 16:00:00+00:00,51.905,51.97,51.71,51.74,219724.0,3688.0,51.809312
LNT,2023-11-03 17:00:00+00:00,51.7395,51.885,51.69,51.755,170683.0,3389.0,51.787093
LNT,2023-11-03 18:00:00+00:00,51.75,51.7527,51.47,51.485,209826.0,3757.0,51.576299
LNT,2023-11-03 19:00:00+00:00,51.49,51.49,51.085,51.1,762146.0,11276.0,51.249236
LNT,2023-11-03 20:00:00+00:00,51.1,51.1,51.1,51.1,298185.0,33.0,51.1
LNT,2023-11-06 14:00:00+00:00,51.02,51.26,50.66,50.68,147938.0,2556.0,50.911024
LNT,2023-11-06 15:00:00+00:00,50.66,50.69,50.31,50.615,179078.0,3892.0,50.510236
LNT,2023-11-06 16:00:00+00:00,50.63,50.8,50.56,50.775,118194.0,2794.0,50.660045
LNT,2023-11-06 17:00:00+00:00,50.785,50.85,50.645,50.66,151938.0,2981.0,50.772236
LNT,2023-11-06 18:00:00+00:00,50.675,50.77,50.53,50.67,136933.0,2652.0,50.636426
LNT,2023-11-06 19:00:00+00:00,50.68,50.765,50.56,50.56,206102.0,3973.0,50.686002
LNT,2023-11-06 20:00:00+00:00,50.565,50.67,50.295,50.45,621378.0,9655.0,50.479205
LNT,2023-11-06 21:00:00+00:00,50.44,50.44,50.44,50.44,307037.0,58.0,50.440001
LNT,2023-11-07 13:00:00+00:00,52.96,52.96,52.96,52.96,800.0,1.0,52.96
LNT,2023-11-07 14:00:00+00:00,50.45,50.57,50.25,50.48,102698.0,1718.0,50.430101
LNT,2023-11-07 15:00:00+00:00,50.45,50.6,50.24,50.36,190164.0,3883.0,50.369969
LNT,2023-11-07 16:00:00+00:00,50.38,50.49,50.32,50.375,213574.0,3781.0,50.419617
LNT,2023-11-07 17:00:00+00:00,50.375,50.38,50.11,50.21,156731.0,3042.0,50.217439
LNT,2023-11-07 18:00:00+00:00,50.2,50.28,50.105,50.1983,106283.0,2465.0,50.210715
LNT,2023-11-07 19:00:00+00:00,50.2,50.23,50.02,50.12,121733.0,2838.0,50.127038
LNT,2023-11-07 20:00:00+00:00,50.12,50.185,49.935,50.0,421917.0,7389.0,50.067354
LNT,2023-11-07 21:00:00+00:00,50.0,50.0,50.0,50.0,248977.0,37.0,50.0
LNT,2023-11-08 14:00:00+00:00,49.77,49.78,49.27,49.31,130009.0,2422.0,49.525453
LNT,2023-11-08 15:00:00+00:00,49.3,49.35,49.0,49.1,220997.0,4307.0,49.171693
LNT,2023-11-08 16:00:00+00:00,49.08,49.08,48.68,48.765,244966.0,4404.0,48.795925
LNT,2023-11-08 17:00:00+00:00,48.76,48.88,48.635,48.88,132246.0,2599.0,48.747415
LNT,2023-11-08 18:00:00+00:00,48.89,49.025,48.87,48.945,210413.0,3360.0,48.960532
LNT,2023-11-08 19:00:00+00:00,48.94,49.27,48.935,49.195,207020.0,3625.0,49.143884
LNT,2023-11-08 20:00:00+00:00,49.19,49.61,49.17,49.59,547197.0,8436.0,49.462978
LNT,2023-11-08 21:00:00+00:00,49.61,49.61,49.61,49.61,355803.0,37.0,49.609999
LNT,2023-11-09 14:00:00+00:00,49.68,50.01,49.45,49.48,96694.0,1514.0,49.664438
LNT,2023-11-09 15:00:00+00:00,49.48,49.53,49.16,49.235,136027.0,2822.0,49.295746
LNT,2023-11-09 16:00:00+00:00,49.25,49.3801,49.11,49.35,119486.0,2481.0,49.234606
LNT,2023-11-09 17:00:00+00:00,49.375,49.63,49.37,49.39,122492.0,2749.0,49.518551
LNT,2023-11-09 18:00:00+00:00,49.4,49.405,49.001,49.1,134068.0,2692.0,49.175232
LNT,2023-11-09 19:00:00+00:00,49.09,49.09,48.74,48.77,366332.0,5453.0,48.870139
LNT,2023-11-09 20:00:00+00:00,48.775,48.91,48.58,48.61,812947.0,10457.0,48.707923
LNT,2023-11-09 21:00:00+00:00,48.61,48.61,48.61,48.61,427195.0,43.0,48.61
LNT,2023-11-10 14:00:00+00:00,49.0,49.04,48.56,48.61,94518.0,1753.0,48.752693
LNT,2023-11-10 15:00:00+00:00,48.61,48.79,48.55,48.61,115786.0,2824.0,48.671447
LNT,2023-11-10 16:00:00+00:00,48.62,48.94,48.585,48.595,125858.0,2865.0,48.776835
LNT,2023-11-10 17:00:00+00:00,48.595,48.685,48.34,48.46,199971.0,3731.0,48.458299
LNT,2023-11-10 18:00:00+00:00,48.45,48.61,48.4,48.59,143806.0,3157.0,48.489725
LNT,2023-11-10 19:00:00+00:00,48.595,48.69,48.46,48.48,138324.0,3090.0,48.585932
LNT,2023-11-10 20:00:00+00:00,48.48,48.625,48.43,48.56,489376.0,7921.0,48.550281
LNT,2023-11-10 21:00:00+00:00,48.57,48.94,48.57,48.57,400090.0,54.0,48.570193
LNT,2023-11-13 14:00:00+00:00,48.45,48.55,48.035,48.29,102781.0,1714.0,48.288249
LNT,2023-11-13 15:00:00+00:00,48.28,48.29,47.995,48.02,151174.0,4206.0,48.103803
LNT,2023-11-13 16:00:00+00:00,48.02,48.09,47.71,47.98,163209.0,3904.0,47.915737
LNT,2023-11-13 17:00:00+00:00,47.98,48.035,47.755,47.76,159676.0,2684.0,47.912431
LNT,2023-11-13 18:00:00+00:00,47.765,47.81,47.63,47.66,149386.0,2723.0,47.72007
LNT,2023-11-13 19:00:00+00:00,47.67,47.69,47.585,47.62,164354.0,3215.0,47.639087
LNT,2023-11-13 20:00:00+00:00,47.61,47.75,47.58,47.605,686775.0,7720.0,47.663199
LNT,2023-11-13 21:00:00+00:00,47.61,47.61,47.4,47.61,327308.0,55.0,47.609751
LNT,2023-11-14 14:00:00+00:00,48.49,49.08,48.425,48.995,99798.0,1903.0,48.842128
LNT,2023-11-14 15:00:00+00:00,49.0,49.24,48.88,49.21,264187.0,4309.0,49.067807
LNT,2023-11-14 16:00:00+00:00,49.22,49.36,49.14,49.19,140804.0,2974.0,49.250423
LNT,2023-11-14 17:00:00+00:00,49.18,49.18,48.93,48.94,104837.0,2299.0,49.037646
LNT,2023-11-14 18:00:00+00:00,48.93,48.96,48.78,48.81,132840.0,3142.0,48.862455
LNT,2023-11-14 19:00:00+00:00,48.805,48.94,48.775,48.93,124526.0,2988.0,48.85356
LNT,2023-11-14 20:00:00+00:00,48.925,49.14,48.88,49.12,442474.0,7461.0,49.040255
LNT,2023-11-14 21:00:00+00:00,49.12,49.12,49.12,49.12,251323.0,37.0,49.12
LNT,2023-11-15 14:00:00+00:00,48.95,49.6294,48.88,49.6,126533.0,1946.0,49.239352
LNT,2023-11-15 15:00:00+00:00,49.61,49.865,49.23,49.23,330865.0,5302.0,49.545091
LNT,2023-11-15 16:00:00+00:00,49.225,49.33,49.09,49.28,168468.0,3246.0,49.224115
LNT,2023-11-15 17:00:00+00:00,49.29,49.34,49.09,49.115,185758.0,2766.0,49.21963
LNT,2023-11-15 18:00:00+00:00,49.12,49.2497,49.075,49.23,163476.0,3433.0,49.146219
LNT,2023-11-15 19:00:00+00:00,49.23,49.25,49.12,49.2,161013.0,3853.0,49.189549
LNT,2023-11-15 20:00:00+00:00,49.21,49.33,49.13,49.32,524329.0,8440.0,49.25074
LNT,2023-11-15 21:00:00+00:00,49.32,49.32,49.32,49.32,300350.0,53.0,49.32
LNT,2023-11-16 14:00:00+00:00,49.76,50.0,49.38,49.54,81233.0,1549.0,49.630444
LNT,2023-11-16 15:00:00+00:00,49.54,49.83,49.495,49.72,154752.0,3140.0,49.654626
LNT,2023-11-16 16:00:00+00:00,49.71,49.79,49.65,49.685,134079.0,2616.0,49.705603
LNT,2023-11-16 17:00:00+00:00,49.705,49.705,49.41,49.61,134300.0,2739.0,49.528995
LNT,2023-11-16 18:00:00+00:00,49.62,49.74,49.51,49.58,226323.0,3640.0,49.605544
LNT,2023-11-16 19:00:00+00:00,49.59,49.65,49.515,49.605,179720.0,3079.0,49.584233
LNT,2023-11-16 20:00:00+00:00,49.6,49.72,49.42,49.49,471961.0,7474.0,49.54398
LNT,2023-11-16 21:00:00+00:00,49.48,49.48,49.48,49.48,268194.0,41.0,49.48
LNT,2023-11-17 14:00:00+00:00,49.48,49.78,49.14,49.32,134783.0,1526.0,49.472595
LNT,2023-11-17 15:00:00+00:00,49.3,49.48,49.21,49.285,176766.0,3529.0,49.337753
LNT,2023-11-17 16:00:00+00:00,49.285,49.34,48.94,48.98,156608.0,3275.0,49.117981
LNT,2023-11-17 17:00:00+00:00,48.97,49.08,48.935,48.95,157775.0,3164.0,49.010772
LNT,2023-11-17 18:00:00+00:00,48.94,49.07,48.92,49.01,167936.0,3337.0,49.013396
LNT,2023-11-17 19:00:00+00:00,49.0,49.245,48.97,49.2001,191118.0,3310.0,49.134976
LNT,2023-11-17 20:00:00+00:00,49.205,49.35,49.125,49.24,684286.0,9187.0,49.225754
LNT,2023-11-17 21:00:00+00:00,49.23,49.23,49.19,49.23,2351658.0,70.0,49.229994
LNT,2023-11-20 14:00:00+00:00,49.05,49.115,48.31,48.81,165311.0,1685.0,48.716732
LNT,2023-11-20 15:00:00+00:00,48.8,49.13,48.74,48.96,276646.0,3945.0,48.961066
LNT,2023-11-20 16:00:00+00:00,48.965,49.2,48.925,49.05,171768.0,3064.0,49.07576
LNT,2023-11-20 17:00:00+00:00,49.04,49.09,48.915,49.015,119468.0,2551.0,49.008406
LNT,2023-11-20 18:00:00+00:00,49.015,49.12,48.965,48.99,188631.0,3140.0,49.036769
LNT,2023-11-20 19:00:00+00:00,48.99,49.09,48.944,49.0,134575.0,2774.0,48.996341
LNT,2023-11-20 20:00:00+00:00,49.0,49.185,48.98,49.1,701684.0,9481.0,49.06951
LNT,2023-11-20 21:00:00+00:00,49.11,49.11,49.11,49.11,226153.0,43.0,49.11
LNT,2023-11-21 14:00:00+00:00,49.17,49.25,48.67,48.74,78513.0,1478.0,48.898071
LNT,2023-11-21 15:00:00+00:00,48.73,49.0,48.66,48.87,138439.0,3206.0,48.876424
LNT,2023-11-21 16:00:00+00:00,48.9,48.94,48.79,48.89,176093.0,3119.0,48.872402
LNT,2023-11-21 17:00:00+00:00,48.9,49.03,48.9,48.925,97706.0,2219.0,48.968653
LNT,2023-11-21 18:00:00+00:00,48.92,49.07,48.81,49.0,129333.0,2519.0,48.945589
LNT,2023-11-21 19:00:00+00:00,48.99,49.045,48.92,48.985,93324.0,2532.0,48.997919
LNT,2023-11-21 20:00:00+00:00,48.99,49.14,48.945,49.075,429701.0,7449.0,49.061005
LNT,2023-11-21 21:00:00+00:00,49.09,49.09,49.09,49.09,215546.0,64.0,49.090154
LNT,2023-11-22 14:00:00+00:00,49.21,49.29,48.84,49.1999,99269.0,1662.0,49.097969
LNT,2023-11-22 15:00:00+00:00,49.18,49.26,49.1,49.205,166161.0,3218.0,49.187148
LNT,2023-11-22 16:00:00+00:00,49.22,49.295,49.15,49.225,141610.0,2868.0,49.227301
LNT,2023-11-22 17:00:00+00:00,49.23,49.26,49.13,49.225,126750.0,2550.0,49.201285
LNT,2023-11-22 18:00:00+00:00,49.23,49.28,49.205,49.24,136678.0,2570.0,49.236954
LNT,2023-11-22 19:00:00+00:00,49.25,49.36,49.23,49.325,159935.0,3172.0,49.294491
LNT,2023-11-22 20:00:00+00:00,49.33,49.58,49.295,49.535,466053.0,7129.0,49.473778
LNT,2023-11-22 21:00:00+00:00,49.54,49.54,49.54,49.54,290757.0,42.0,49.54
LNT,2023-11-24 14:00:00+00:00,49.67,49.67,49.33,49.45,56555.0,1187.0,49.47236
LNT,2023-11-24 15:00:00+00:00,49.43,49.52,49.3,49.49,168262.0,3446.0,49.42074
LNT,2023-11-24 16:00:00+00:00,49.47,49.615,49.465,49.53,119527.0,2439.0,49.55106
LNT,2023-11-24 17:00:00+00:00,49.535,49.76,49.5,49.76,237777.0,4292.0,49.62879
LNT,2023-11-24 18:00:00+00:00,49.75,49.75,49.75,49.75,107121.0,11.0,49.75
LNT,2023-11-27 14:00:00+00:00,49.74,49.84,49.25,49.475,128207.0,1809.0,49.389417
LNT,2023-11-27 15:00:00+00:00,49.48,49.705,49.475,49.63,203131.0,3694.0,49.613452
LNT,2023-11-27 16:00:00+00:00,49.62,49.8,49.59,49.735,141982.0,2936.0,49.704493
LNT,2023-11-27 17:00:00+00:00,49.735,49.74,49.655,49.71,185635.0,2885.0,49.701796
LNT,2023-11-27 18:00:00+00:00,49.705,49.99,49.52,49.9812,248077.0,3223.0,49.760002
LNT,2023-11-27 19:00:00+00:00,49.99,50.07,49.875,50.07,248276.0,4344.0,49.974496
LNT,2023-11-27 20:00:00+00:00,50.08,50.09,49.825,49.96,577504.0,9053.0,49.949075
LNT,2023-11-27 21:00:00+00:00,49.96,49.96,49.96,49.96,306347.0,27.0,49.96
LNT,2023-11-28 14:00:00+00:00,49.94,50.51,49.76,50.5003,106786.0,1713.0,50.180978
LNT,2023-11-28 15:00:00+00:00,50.52,50.765,50.5,50.74,386512.0,5939.0,50.631113
LNT,2023-11-28 16:00:00+00:00,50.755,50.78,50.54,50.59,186979.0,3246.0,50.644731
LNT,2023-11-28 17:00:00+00:00,50.59,50.68,50.47,50.6413,104927.0,2473.0,50.584863
LNT,2023-11-28 18:00:00+00:00,50.6414,50.71,50.44,50.46,108829.0,2661.0,50.589681
LNT,2023-11-28 19:00:00+00:00,50.47,50.495,50.31,50.355,125753.0,2962.0,50.375344
LNT,2023-11-28 20:00:00+00:00,50.36,50.39,50.1,50.12,518632.0,8441.0,50.225188
LNT,2023-11-28 21:00:00+00:00,50.12,50.12,50.12,50.12,207515.0,37.0,50.12
LNT,2023-11-29 14:00:00+00:00,50.17,50.48,50.12,50.45,80340.0,1524.0,50.313739
LNT,2023-11-29 15:00:00+00:00,50.46,50.6,50.08,50.11,199696.0,4598.0,50.398628
LNT,2023-11-29 16:00:00+00:00,50.1075,50.28,50.085,50.13,163468.0,4005.0,50.178268
LNT,2023-11-29 17:00:00+00:00,50.12,50.195,50.05,50.165,104849.0,2642.0,50.128638
LNT,2023-11-29 18:00:00+00:00,50.17,50.2,50.06,50.075,114982.0,2657.0,50.130398
LNT,2023-11-29 19:00:00+00:00,50.07,50.12,49.87,49.95,147515.0,3378.0,49.976114
LNT,2023-11-29 20:00:00+00:00,49.955,50.005,49.75,49.94,423336.0,7721.0,49.8706
LNT,2023-11-29 21:00:00+00:00,49.94,49.94,49.94,49.94,224829.0,40.0,49.94
LNT,2023-11-30 14:00:00+00:00,50.11,50.11,49.72,49.82,81782.0,1660.0,49.887351
LNT,2023-11-30 15:00:00+00:00,49.84,50.31,49.71,50.265,220257.0,4249.0,49.974461
LNT,2023-11-30 16:00:00+00:00,50.27,50.31,50.08,50.275,179808.0,3352.0,50.222743
LNT,2023-11-30 17:00:00+00:00,50.28,50.33,50.12,50.285,153636.0,2726.0,50.238733
LNT,2023-11-30 18:00:00+00:00,50.29,50.445,50.275,50.345,102745.0,2462.0,50.379573
LNT,2023-11-30 19:00:00+00:00,50.335,50.395,50.235,50.39,157286.0,3329.0,50.322759
LNT,2023-11-30 20:00:00+00:00,50.3875,50.66,50.34,50.58,658323.0,9886.0,50.498245
LNT,2023-11-30 21:00:00+00:00,50.57,50.57,50.57,50.57,730981.0,50.0,50.570015
LNT,2023-12-01 14:00:00+00:00,50.64,50.72,50.28,50.58,125011.0,1637.0,50.543408
LNT,2023-12-01 15:00:00+00:00,50.61,50.6716,50.43,50.52,198094.0,3439.0,50.560519
LNT,2023-12-01 16:00:00+00:00,50.53,50.985,50.46,50.95,196554.0,3512.0,50.726828
LNT,2023-12-01 17:00:00+00:00,50.95,51.08,50.92,51.07,152444.0,2768.0,51.016685
LNT,2023-12-01 18:00:00+00:00,51.07,51.24,51.02,51.17,180949.0,3608.0,51.151013
LNT,2023-12-01 19:00:00+00:00,51.175,51.2,50.985,51.125,204760.0,3760.0,51.106774
LNT,2023-12-01 20:00:00+00:00,51.125,51.535,51.015,51.49,749414.0,10285.0,51.36606
LNT,2023-12-01 21:00:00+00:00,51.49,51.49,51.49,51.49,431684.0,54.0,51.49
LNT,2023-12-04 14:00:00+00:00,51.17,51.52,50.97,51.2,101106.0,2352.0,51.287373
LNT,2023-12-04 15:00:00+00:00,51.22,51.63,51.21,51.605,205037.0,4355.0,51.431694
LNT,2023-12-04 16:00:00+00:00,51.61,51.73,51.44,51.54,142675.0,3195.0,51.57203
LNT,2023-12-04 17:00:00+00:00,51.55,51.66,51.415,51.51,116181.0,2423.0,51.56221
LNT,2023-12-04 18:00:00+00:00,51.515,51.525,51.405,51.475,117831.0,2490.0,51.463694
LNT,2023-12-04 19:00:00+00:00,51.47,51.55,51.4,51.44,129880.0,3284.0,51.470179
LNT,2023-12-04 20:00:00+00:00,51.45,51.485,51.285,51.4,406642.0,7446.0,51.400872
LNT,2023-12-04 21:00:00+00:00,51.4,51.4,51.4,51.4,218082.0,44.0,51.4
LNT,2023-12-05 14:00:00+00:00,51.51,51.51,51.02,51.14,159841.0,1496.0,51.175551
LNT,2023-12-05 15:00:00+00:00,51.14,51.315,51.1005,51.11,306309.0,4284.0,51.204162
LNT,2023-12-05 16:00:00+00:00,51.115,51.24,51.0,51.24,139791.0,3110.0,51.131661
LNT,2023-12-05 17:00:00+00:00,51.23,51.41,51.16,51.38,251002.0,3797.0,51.342234
LNT,2023-12-05 18:00:00+00:00,51.39,51.475,51.27,51.31,183719.0,2638.0,51.3857
LNT,2023-12-05 19:00:00+00:00,51.305,51.31,51.035,51.11,319492.0,3096.0,51.21629
LNT,2023-12-05 20:00:00+00:00,51.11,51.28,51.08,51.26,512298.0,7850.0,51.202684
LNT,2023-12-05 21:00:00+00:00,51.25,51.25,51.25,51.25,282490.0,36.0,51.250002
LNT,2023-12-06 14:00:00+00:00,51.43,51.64,51.34,51.56,143705.0,1719.0,51.506096
LNT,2023-12-06 15:00:00+00:00,51.565,51.77,51.45,51.665,209241.0,3458.0,51.640424
LNT,2023-12-06 16:00:00+00:00,51.65,51.8,51.53,51.545,136828.0,2711.0,51.704895
LNT,2023-12-06 17:00:00+00:00,51.55,51.65,51.5,51.604,123353.0,2806.0,51.585637
LNT,2023-12-06 18:00:00+00:00,51.61,51.775,51.58,51.725,114728.0,2483.0,51.685996
LNT,2023-12-06 19:00:00+00:00,51.73,51.835,51.705,51.735,142037.0,3177.0,51.767048
LNT,2023-12-06 20:00:00+00:00,51.73,52.11,51.72,52.1,578136.0,8517.0,51.963041
LNT,2023-12-06 21:00:00+00:00,52.1,52.1,52.1,52.1,317963.0,38.0,52.1
LNT,2023-12-07 14:00:00+00:00,52.09,52.17,51.77,52.13,59187.0,1007.0,52.044387
LNT,2023-12-07 15:00:00+00:00,52.125,52.25,52.04,52.25,112888.0,2427.0,52.155332
LNT,2023-12-07 16:00:00+00:00,52.26,52.325,51.97,52.05,146429.0,2386.0,52.100813
LNT,2023-12-07 17:00:00+00:00,52.05,52.1705,52.014,52.095,137097.0,2256.0,52.099718
LNT,2023-12-07 18:00:00+00:00,52.105,52.295,52.065,52.175,109827.0,2082.0,52.153951
LNT,2023-12-07 19:00:00+00:00,52.175,52.2595,51.96,51.97,293385.0,2991.0,52.181291
LNT,2023-12-07 20:00:00+00:00,51.9703,52.035,51.72,51.82,580133.0,7725.0,51.87029
LNT,2023-12-07 21:00:00+00:00,51.82,51.82,51.82,51.82,207543.0,36.0,51.82
LNT,2023-12-08 14:00:00+00:00,51.7,51.845,51.495,51.5,100813.0,1382.0,51.649344
LNT,2023-12-08 15:00:00+00:00,51.53,51.67,51.125,51.34,105977.0,2498.0,51.412165
LNT,2023-12-08 16:00:00+00:00,51.35,51.4,51.21,51.34,123353.0,2519.0,51.301515
LNT,2023-12-08 17:00:00+00:00,51.34,51.4,51.29,51.31,183926.0,2985.0,51.341072
LNT,2023-12-08 18:00:00+00:00,51.31,51.375,51.235,51.3,148975.0,2662.0,51.312561
LNT,2023-12-08 19:00:00+00:00,51.295,51.31,51.155,51.26,167449.0,3106.0,51.252018
LNT,2023-12-08 20:00:00+00:00,51.26,51.415,51.22,51.37,563261.0,7869.0,51.327316
LNT,2023-12-08 21:00:00+00:00,51.38,51.38,51.38,51.38,345825.0,31.0,51.38
LNT,2023-12-11 14:00:00+00:00,51.34,51.41,51.06,51.2,77415.0,1573.0,51.236909
LNT,2023-12-11 15:00:00+00:00,51.2,51.67,51.2,51.64,155104.0,4149.0,51.522214
LNT,2023-12-11 16:00:00+00:00,51.64,51.91,51.64,51.89,125832.0,3385.0,51.787446
LNT,2023-12-11 17:00:00+00:00,51.89,51.89,51.6,51.61,79032.0,2537.0,51.694426
LNT,2023-12-11 18:00:00+00:00,51.61,51.71,51.585,51.62,110259.0,3222.0,51.64977
LNT,2023-12-11 19:00:00+00:00,51.62,51.62,51.39,51.395,124153.0,3627.0,51.506514
LNT,2023-12-11 20:00:00+00:00,51.395,51.55,51.345,51.515,473026.0,8518.0,51.469329
LNT,2023-12-11 21:00:00+00:00,51.51,51.51,51.51,51.51,358270.0,28.0,51.51
LNT,2023-12-12 14:00:00+00:00,51.51,51.68,51.09,51.235,96289.0,1551.0,51.339265
LNT,2023-12-12 15:00:00+00:00,51.225,51.48,51.13,51.28,172724.0,3685.0,51.318026
LNT,2023-12-12 16:00:00+00:00,51.28,51.42,51.18,51.245,125711.0,2804.0,51.317749
LNT,2023-12-12 17:00:00+00:00,51.24,51.4,51.225,51.3335,79902.0,2044.0,51.322987
LNT,2023-12-12 18:00:00+00:00,51.33,51.465,51.28,51.335,98330.0,2445.0,51.381003
LNT,2023-12-12 19:00:00+00:00,51.33,51.4,51.215,51.285,125870.0,2931.0,51.302755
LNT,2023-12-12 20:00:00+00:00,51.27,51.445,51.27,51.37,308695.0,6353.0,51.369441
LNT,2023-12-12 21:00:00+00:00,51.39,51.39,51.39,51.39,298696.0,33.0,51.39
LNT,2023-12-13 14:00:00+00:00,51.45,51.52,51.1379,51.4255,58869.0,1116.0,51.386063
LNT,2023-12-13 15:00:00+00:00,51.435,51.85,51.415,51.715,115503.0,2887.0,51.664265
LNT,2023-12-13 16:00:00+00:00,51.73,51.9299,51.715,51.84,108825.0,2224.0,51.819686
LNT,2023-12-13 17:00:00+00:00,51.85,52.0,51.79,51.88,80164.0,1981.0,51.888307
LNT,2023-12-13 18:00:00+00:00,51.88,52.01,51.87,52.0,74519.0,1974.0,51.941169
LNT,2023-12-13 19:00:00+00:00,52.01,52.9,52.01,52.805,189775.0,3765.0,52.527832
LNT,2023-12-13 20:00:00+00:00,52.84,53.4,52.81,53.37,515404.0,8419.0,53.153275
LNT,2023-12-13 21:00:00+00:00,53.38,53.38,53.38,53.38,342627.0,23.0,53.38
LNT,2023-12-13 22:00:00+00:00,53.38,53.38,53.38,53.38,3551.0,2.0,53.38
LNT,2023-12-14 00:00:00+00:00,53.38,53.38,53.38,53.38,320.0,1.0,53.38
LNT,2023-12-14 13:00:00+00:00,53.38,53.38,53.38,53.38,7700.0,1.0,53.38
LNT,2023-12-14 14:00:00+00:00,53.42,53.85,53.37,53.52,104121.0,1886.0,53.566684
LNT,2023-12-14 15:00:00+00:00,53.53,53.6,53.23,53.395,201310.0,4362.0,53.472179
LNT,2023-12-14 16:00:00+00:00,53.385,53.39,52.86,53.1509,182224.0,3795.0,53.113529
LNT,2023-12-14 17:00:00+00:00,53.16,53.3,52.56,52.605,285994.0,4821.0,53.042142
LNT,2023-12-14 18:00:00+00:00,52.57,52.72,52.5,52.68,194173.0,4206.0,52.611216
LNT,2023-12-14 19:00:00+00:00,52.68,52.69,52.22,52.33,227700.0,4453.0,52.395189
LNT,2023-12-14 20:00:00+00:00,52.3274,52.475,52.12,52.21,641405.0,10814.0,52.243119
LNT,2023-12-14 21:00:00+00:00,52.19,52.19,52.19,52.19,523383.0,46.0,52.19
LNT,2023-12-15 14:00:00+00:00,51.96,51.99,51.245,51.43,692821.0,2215.0,51.774993
LNT,2023-12-15 15:00:00+00:00,51.45,51.53,51.23,51.26,196930.0,4119.0,51.377244
LNT,2023-12-15 16:00:00+00:00,51.27,51.43,51.03,51.22,266014.0,4785.0,51.243448
LNT,2023-12-15 17:00:00+00:00,51.24,51.25,50.89,50.96,193511.0,3740.0,51.016112
LNT,2023-12-15 18:00:00+00:00,50.965,51.115,50.8,51.025,203011.0,3955.0,50.951548
LNT,2023-12-15 19:00:00+00:00,51.02,51.02,50.68,50.735,207769.0,4242.0,50.830623
LNT,2023-12-15 20:00:00+00:00,50.735,50.79,50.27,50.6,1058573.0,13503.0,50.558656
LNT,2023-12-15 21:00:00+00:00,50.62,50.62,50.62,50.62,1128802.0,55.0,50.620002
LNT,2023-12-18 14:00:00+00:00,50.98,51.27,50.89,51.02,133539.0,2307.0,51.03418
LNT,2023-12-18 15:00:00+00:00,51.02,51.055,50.57,50.955,223225.0,4293.0,50.843451
LNT,2023-12-18 16:00:00+00:00,50.96,51.01,50.79,50.89,235595.0,4351.0,50.905009
LNT,2023-12-18 17:00:00+00:00,50.885,51.155,50.87,51.055,185372.0,4012.0,51.047274
LNT,2023-12-18 18:00:00+00:00,51.06,51.12,50.9,50.9,156767.0,3277.0,51.015411
LNT,2023-12-18 19:00:00+00:00,50.91,51.03,50.84,50.89,223996.0,4189.0,50.948582
LNT,2023-12-18 20:00:00+00:00,50.89,51.0,50.85,50.86,451894.0,7809.0,50.898882
LNT,2023-12-18 21:00:00+00:00,50.86,50.86,50.86,50.86,451998.0,35.0,50.86
LNT,2023-12-19 14:00:00+00:00,51.17,51.23,50.79,50.84,161106.0,1864.0,50.939206
LNT,2023-12-19 15:00:00+00:00,50.83,50.945,50.61,50.805,158342.0,4454.0,50.786469
LNT,2023-12-19 16:00:00+00:00,50.83,51.05,50.77,50.89,146363.0,2572.0,50.942424
LNT,2023-12-19 17:00:00+00:00,50.9,51.1388,50.88,51.13,212639.0,2842.0,51.01345
LNT,2023-12-19 18:00:00+00:00,51.125,51.21,51.06,51.155,262905.0,4052.0,51.137213
LNT,2023-12-19 19:00:00+00:00,51.15,51.155,50.985,51.08,138633.0,3247.0,51.055272
LNT,2023-12-19 20:00:00+00:00,51.08,51.29,51.08,51.24,580147.0,8951.0,51.199758
LNT,2023-12-19 21:00:00+00:00,51.24,51.24,51.24,51.24,942234.0,41.0,51.24
LNT,2023-12-20 14:00:00+00:00,51.23,51.44,50.83,51.07,63913.0,992.0,51.099277
LNT,2023-12-20 15:00:00+00:00,51.07,51.18,50.94,51.125,135851.0,3265.0,51.067819
LNT,2023-12-20 16:00:00+00:00,51.135,51.15,50.91,51.0,106015.0,2277.0,51.010192
LNT,2023-12-20 17:00:00+00:00,50.995,51.085,50.885,51.07,103810.0,1982.0,50.978888
LNT,2023-12-20 18:00:00+00:00,51.07,51.22,51.015,51.02,89358.0,2033.0,51.142076
LNT,2023-12-20 19:00:00+00:00,51.01,51.145,50.815,50.86,123166.0,2634.0,51.026544
LNT,2023-12-20 20:00:00+00:00,50.85,50.881,50.21,50.24,423096.0,7007.0,50.49551
LNT,2023-12-20 21:00:00+00:00,50.25,50.25,50.25,50.25,399478.0,31.0,50.249999
LNT,2023-12-20 22:00:00+00:00,50.25,50.25,50.25,50.25,200.0,1.0,50.25
LNT,2023-12-21 14:00:00+00:00,50.37,50.72,50.22,50.67,77772.0,1665.0,50.482384
LNT,2023-12-21 15:00:00+00:00,50.7084,50.78,50.53,50.6509,154995.0,3550.0,50.689808
LNT,2023-12-21 16:00:00+00:00,50.64,50.65,50.01,50.12,193907.0,3240.0,50.314831
LNT,2023-12-21 17:00:00+00:00,50.11,50.14,49.915,50.04,195098.0,3098.0,50.02687
LNT,2023-12-21 18:00:00+00:00,50.045,50.33,50.045,50.29,147091.0,2383.0,50.161079
LNT,2023-12-21 19:00:00+00:00,50.29,50.36,50.255,50.34,105965.0,2568.0,50.309538
LNT,2023-12-21 20:00:00+00:00,50.34,50.6,50.2213,50.59,317242.0,6175.0,50.452232
LNT,2023-12-21 21:00:00+00:00,50.57,50.57,50.57,50.57,182234.0,23.0,50.57
LNT,2023-12-22 14:00:00+00:00,51.12,51.46,50.73,51.345,106335.0,1639.0,51.156139
LNT,2023-12-22 15:00:00+00:00,51.35,51.42,51.21,51.4,190625.0,3598.0,51.313843
LNT,2023-12-22 16:00:00+00:00,51.4,51.53,51.27,51.305,173029.0,3196.0,51.417589
LNT,2023-12-22 17:00:00+00:00,51.305,51.36,51.205,51.33,140266.0,2303.0,51.274564
LNT,2023-12-22 18:00:00+00:00,51.32,51.34,51.061,51.07,187737.0,2694.0,51.175152
LNT,2023-12-22 19:00:00+00:00,51.06,51.1,50.85,51.01,145526.0,3011.0,50.991178
LNT,2023-12-22 20:00:00+00:00,51.02,51.065,50.88,50.93,327304.0,6028.0,50.95775
LNT,2023-12-22 21:00:00+00:00,50.94,50.94,50.94,50.94,197058.0,40.0,50.940002
LNT,2023-12-26 14:00:00+00:00,50.74,51.1,50.68,51.035,41030.0,845.0,50.936939
LNT,2023-12-26 15:00:00+00:00,51.035,51.2809,51.035,51.245,82514.0,2263.0,51.187238
LNT,2023-12-26 16:00:00+00:00,51.23,51.23,51.07,51.15,67372.0,1999.0,51.153644
LNT,2023-12-26 17:00:00+00:00,51.16,51.17,51.06,51.13,62787.0,1682.0,51.114893
LNT,2023-12-26 18:00:00+00:00,51.13,51.2,51.1,51.1,79993.0,1851.0,51.152026
LNT,2023-12-26 19:00:00+00:00,51.1,51.175,51.08,51.155,93169.0,2140.0,51.142754
LNT,2023-12-26 20:00:00+00:00,51.15,51.185,50.92,50.94,231724.0,4962.0,51.047543
LNT,2023-12-26 21:00:00+00:00,50.93,50.93,50.93,50.93,139721.0,26.0,50.93
LNT,2023-12-27 14:00:00+00:00,50.87,51.02,50.7,50.95,40344.0,1084.0,50.875461
LNT,2023-12-27 15:00:00+00:00,50.95,51.05,50.89,50.89,73807.0,2496.0,50.95996
LNT,2023-12-27 16:00:00+00:00,50.885,50.96,50.84,50.93,75311.0,1924.0,50.905907
LNT,2023-12-27 17:00:00+00:00,50.915,50.925,50.75,50.875,57924.0,1706.0,50.844163
LNT,2023-12-27 18:00:00+00:00,50.875,50.985,50.83,50.83,107713.0,2376.0,50.918256
LNT,2023-12-27 19:00:00+00:00,50.815,50.82,50.67,50.8,144883.0,2948.0,50.739733
LNT,2023-12-27 20:00:00+00:00,50.81,50.87,50.65,50.855,325901.0,6394.0,50.770039
LNT,2023-12-27 21:00:00+00:00,50.84,50.84,50.84,50.84,279435.0,27.0,50.840004
LNT,2023-12-28 14:00:00+00:00,50.68,51.15,50.63,51.135,55539.0,1186.0,50.94927
LNT,2023-12-28 15:00:00+00:00,51.14,51.2,50.99,51.09,100277.0,2873.0,51.071684
LNT,2023-12-28 16:00:00+00:00,51.09,51.15,51.005,51.095,83154.0,2139.0,51.082016
LNT,2023-12-28 17:00:00+00:00,51.11,51.26,51.105,51.21,91769.0,2120.0,51.184209
LNT,2023-12-28 18:00:00+00:00,51.21,51.28,51.11,51.265,83053.0,2075.0,51.201045
LNT,2023-12-28 19:00:00+00:00,51.26,51.37,51.25,51.335,103441.0,2578.0,51.312307
LNT,2023-12-28 20:00:00+00:00,51.335,51.45,51.26,51.33,433945.0,7448.0,51.343801
LNT,2023-12-28 21:00:00+00:00,51.32,51.32,51.32,51.32,216982.0,29.0,51.32
LNT,2023-12-29 14:00:00+00:00,51.19,51.29,50.96,51.045,54643.0,1090.0,51.135504
LNT,2023-12-29 15:00:00+00:00,51.06,51.36,51.03,51.25,129826.0,2888.0,51.183373
LNT,2023-12-29 16:00:00+00:00,51.255,51.325,51.03,51.07,101195.0,2253.0,51.217972
LNT,2023-12-29 17:00:00+00:00,51.07,51.07,50.92,51.04,93660.0,2334.0,51.000825
LNT,2023-12-29 18:00:00+00:00,51.05,51.06,50.89,50.89,84373.0,2262.0,50.962105
LNT,2023-12-29 19:00:00+00:00,50.9,51.045,50.89,51.02,113922.0,2883.0,50.969956
LNT,2023-12-29 20:00:00+00:00,51.027,51.335,50.99,51.3,431126.0,7492.0,51.175429
LNT,2023-12-29 21:00:00+00:00,51.3,51.3,51.3,51.3,303692.0,28.0,51.300018
LNT,2024-01-02 13:00:00+00:00,51.22,51.22,51.0,51.0,560.0,6.0,51.103375
LNT,2024-01-02 14:00:00+00:00,50.7,51.62,50.7,51.545,160896.0,2181.0,51.214606
LNT,2024-01-02 15:00:00+00:00,51.5,51.84,51.47,51.79,156978.0,3645.0,51.690161
LNT,2024-01-02 16:00:00+00:00,51.8,51.8,51.47,51.52,164389.0,3113.0,51.612075
LNT,2024-01-02 17:00:00+00:00,51.515,51.73,51.515,51.68,161197.0,3301.0,51.629719
LNT,2024-01-02 18:00:00+00:00,51.68,51.85,51.615,51.81,156279.0,3582.0,51.729851
LNT,2024-01-02 19:00:00+00:00,51.8,51.87,51.72,51.835,154294.0,3707.0,51.809498
LNT,2024-01-02 20:00:00+00:00,51.83,51.925,51.665,51.88,555585.0,10177.0,51.820719
LNT,2024-01-02 21:00:00+00:00,51.88,51.88,51.88,51.88,541695.0,51.0,51.880002
LNT,2024-01-03 13:00:00+00:00,51.88,51.88,51.88,51.88,979.0,3.0,51.88
LNT,2024-01-03 14:00:00+00:00,51.95,52.03,51.53,51.87,91185.0,1902.0,51.757596
LNT,2024-01-03 15:00:00+00:00,51.85,52.06,51.6644,51.68,154471.0,3520.0,51.928685
LNT,2024-01-03 16:00:00+00:00,51.68,51.78,51.61,51.72,136858.0,2553.0,51.708029
LNT,2024-01-03 17:00:00+00:00,51.725,51.7635,51.59,51.675,81127.0,1929.0,51.681779
LNT,2024-01-03 18:00:00+00:00,51.68,51.925,51.68,51.865,98795.0,2257.0,51.771555
LNT,2024-01-03 19:00:00+00:00,51.85,52.06,51.73,51.73,171414.0,3707.0,51.896965
LNT,2024-01-03 20:00:00+00:00,51.72,51.78,51.51,51.76,469832.0,8234.0,51.670044
LNT,2024-01-03 21:00:00+00:00,51.76,51.76,51.76,51.76,374609.0,41.0,51.76
LNT,2024-01-04 14:00:00+00:00,51.7,52.17,51.5514,52.12,70493.0,1395.0,51.904329
LNT,2024-01-04 15:00:00+00:00,52.15,52.29,52.05,52.25,229483.0,3185.0,52.169894
LNT,2024-01-04 16:00:00+00:00,52.25,52.26,52.115,52.17,140879.0,2878.0,52.186379
LNT,2024-01-04 17:00:00+00:00,52.16,52.26,52.0291,52.045,126141.0,2634.0,52.148399
LNT,2024-01-04 18:00:00+00:00,52.04,52.125,51.76,51.86,177132.0,2721.0,51.9767
LNT,2024-01-04 19:00:00+00:00,51.865,52.07,51.845,51.985,150085.0,3324.0,51.942256
LNT,2024-01-04 20:00:00+00:00,51.975,52.045,51.84,51.93,367698.0,7033.0,51.94108
LNT,2024-01-04 21:00:00+00:00,51.94,51.94,51.94,51.94,304933.0,27.0,51.94
LNT,2024-01-05 14:00:00+00:00,51.91,51.96,51.61,51.95,51786.0,966.0,51.816675
LNT,2024-01-05 15:00:00+00:00,51.95,52.21,51.95,52.17,120037.0,2768.0,52.097339
LNT,2024-01-05 16:00:00+00:00,52.17,52.33,51.91,51.94,105533.0,2561.0,52.125841
LNT,2024-01-05 17:00:00+00:00,51.94,51.97,51.74,51.76,99861.0,1977.0,51.824825
LNT,2024-01-05 18:00:00+00:00,51.76,51.88,51.63,51.875,78855.0,1856.0,51.735167
LNT,2024-01-05 19:00:00+00:00,51.87,51.97,51.745,51.75,103042.0,2652.0,51.869251
LNT,2024-01-05 20:00:00+00:00,51.755,52.05,51.74,52.03,311614.0,5997.0,51.927692
LNT,2024-01-05 21:00:00+00:00,52.03,52.03,52.03,52.03,284660.0,49.0,52.03
LNT,2024-01-08 14:00:00+00:00,52.0,52.04,51.73,51.83,69926.0,1301.0,51.920763
LNT,2024-01-08 15:00:00+00:00,51.85,52.02,51.82,52.01,111800.0,2767.0,51.931654
LNT,2024-01-08 16:00:00+00:00,52.01,52.16,51.9,52.12,97543.0,2091.0,52.037035
LNT,2024-01-08 17:00:00+00:00,52.15,52.245,52.06,52.1,99047.0,2150.0,52.135845
LNT,2024-01-08 18:00:00+00:00,52.1,52.115,51.905,51.945,120928.0,2313.0,52.00556
LNT,2024-01-08 19:00:00+00:00,51.945,52.235,51.87,52.235,142224.0,2988.0,52.037118
LNT,2024-01-08 20:00:00+00:00,52.23,52.36,52.12,52.32,330015.0,5733.0,52.256301
LNT,2024-01-08 21:00:00+00:00,52.33,52.33,52.33,52.33,288317.0,26.0,52.33
LNT,2024-01-09 13:00:00+00:00,52.33,52.33,52.33,52.33,13500.0,1.0,52.33
LNT,2024-01-09 14:00:00+00:00,52.16,52.295,51.88,52.15,84116.0,1413.0,52.144197
LNT,2024-01-09 15:00:00+00:00,52.15,52.33,52.115,52.145,250820.0,3368.0,52.224623
LNT,2024-01-09 16:00:00+00:00,52.125,52.225,52.07,52.19,150074.0,2386.0,52.168763
LNT,2024-01-09 17:00:00+00:00,52.18,52.29,52.11,52.21,88635.0,2030.0,52.212599
LNT,2024-01-09 18:00:00+00:00,52.21,52.25,52.0,52.16,86870.0,2387.0,52.122254
LNT,2024-01-09 19:00:00+00:00,52.17,52.22,52.02,52.125,162744.0,3231.0,52.120202
LNT,2024-01-09 20:00:00+00:00,52.125,52.295,52.11,52.21,317685.0,5859.0,52.198655
LNT,2024-01-09 21:00:00+00:00,52.22,52.22,52.22,52.22,226821.0,51.0,52.219999
LNT,2024-01-10 14:00:00+00:00,52.21,52.2675,52.0,52.16,71298.0,1166.0,52.175978
LNT,2024-01-10 15:00:00+00:00,52.16,52.22,51.91,51.965,99945.0,2162.0,52.005021
LNT,2024-01-10 16:00:00+00:00,51.97,51.97,51.755,51.91,84483.0,1898.0,51.859881
LNT,2024-01-10 17:00:00+00:00,51.92,52.03,51.86,51.98,72167.0,1830.0,51.944802
LNT,2024-01-10 18:00:00+00:00,51.98,52.04,51.94,52.02,114108.0,2433.0,51.997335
LNT,2024-01-10 19:00:00+00:00,52.02,52.15,51.945,52.115,129846.0,2809.0,52.052224
LNT,2024-01-10 20:00:00+00:00,52.12,52.19,51.85,51.91,381516.0,6366.0,51.972436
LNT,2024-01-10 21:00:00+00:00,51.91,51.91,51.91,51.91,229589.0,43.0,51.91
LNT,2024-01-11 13:00:00+00:00,51.62,51.62,51.52,51.52,501.0,4.0,51.581876
LNT,2024-01-11 14:00:00+00:00,51.12,51.6,51.0,51.04,152708.0,2424.0,51.285266
LNT,2024-01-11 15:00:00+00:00,51.05,51.07,50.33,50.35,244975.0,4426.0,50.548277
LNT,2024-01-11 16:00:00+00:00,50.35,50.355,50.03,50.145,236387.0,3829.0,50.164614
LNT,2024-01-11 17:00:00+00:00,50.15,50.4,50.15,50.24,178246.0,3074.0,50.313288
LNT,2024-01-11 18:00:00+00:00,50.245,50.3,50.105,50.22,145009.0,2844.0,50.198306
LNT,2024-01-11 19:00:00+00:00,50.23,50.33,50.18,50.285,154529.0,3129.0,50.261024
LNT,2024-01-11 20:00:00+00:00,50.29,50.29,49.955,50.09,799621.0,10294.0,50.091222
LNT,2024-01-11 21:00:00+00:00,50.09,50.09,50.09,50.09,557902.0,46.0,50.09
LNT,2024-01-12 14:00:00+00:00,50.09,50.62,50.09,50.305,107855.0,1700.0,50.420066
LNT,2024-01-12 15:00:00+00:00,50.31,50.315,50.12,50.1601,145955.0,3140.0,50.202615
LNT,2024-01-12 16:00:00+00:00,50.165,50.37,50.165,50.33,138372.0,2879.0,50.286949
LNT,2024-01-12 17:00:00+00:00,50.34,50.45,50.285,50.37,108744.0,2221.0,50.381743
LNT,2024-01-12 18:00:00+00:00,50.37,50.49,50.365,50.405,139628.0,2410.0,50.430376
LNT,2024-01-12 19:00:00+00:00,50.4,50.485,50.05,50.355,545253.0,3787.0,50.191127
LNT,2024-01-12 20:00:00+00:00,50.35,50.415,50.24,50.39,496753.0,7599.0,50.32907
LNT,2024-01-12 21:00:00+00:00,50.38,50.38,50.38,50.38,426668.0,35.0,50.38
LNT,2024-01-16 14:00:00+00:00,50.31,50.405,50.08,50.34,169709.0,2645.0,50.257247
LNT,2024-01-16 15:00:00+00:00,50.34,50.55,50.34,50.455,197596.0,3979.0,50.446162
LNT,2024-01-16 16:00:00+00:00,50.47,50.7,50.315,50.675,170646.0,3177.0,50.547211
LNT,2024-01-16 17:00:00+00:00,50.67,50.75,50.595,50.61,124570.0,2596.0,50.666299
LNT,2024-01-16 18:00:00+00:00,50.605,50.77,50.5,50.52,182700.0,3368.0,50.644313
LNT,2024-01-16 19:00:00+00:00,50.515,50.53,50.2,50.295,179240.0,3591.0,50.338784
LNT,2024-01-16 20:00:00+00:00,50.295,50.295,50.07,50.27,390259.0,7163.0,50.201339
LNT,2024-01-16 21:00:00+00:00,50.28,50.28,50.28,50.28,807992.0,51.0,50.28
